Запрос,Позиция,Тип,Заголовок,URL
ddos защита сайта,1,Органика,Защита от DDoS-атак и WAF - Yandex Cloud,https://yandex.cloud/ru/solutions/anti-ddos
ddos защита сайта,2,Органика,Защита от DDoS-атак и WAF - Yandex Cloud,https://yandex.cloud/ru/solutions/anti-ddos
ddos защита сайта,3,Органика,Защита от DDoS-атак и WAF - Yandex Cloud,https://yandex.cloud/ru/solutions/anti-ddos
ddos защита сайта,4,Органика,Обзор рынка систем защиты веб-сайта и сервера от...,https://www.anti-malware.ru/analytics/Market_Analysis/Anti-DDoS-2025
ddos защита сайта,5,Органика,Обзор рынка систем защиты веб-сайта и сервера от...,https://www.anti-malware.ru/analytics/Market_Analysis/Anti-DDoS-2025
ddos защита сайта,6,Органика,Обзор рынка систем защиты веб-сайта и сервера от...,https://www.anti-malware.ru/analytics/Market_Analysis/Anti-DDoS-2025
ddos защита сайта,7,Органика,Защита от DDoS-атак - сервис Kaspersky DDoS Protection,https://kdp.kaspersky.ru/
ddos защита сайта,8,Органика,Защита от DDoS-атак - сервис Kaspersky DDoS Protection,https://kdp.kaspersky.ru/
ddos защита сайта,9,Органика,Защита от DDoS-атак - сервис Kaspersky DDoS Protection,https://kdp.kaspersky.ru/
ddos защита сайта,10,Органика,Защита от DDoS или как нам «впаривают» страх / Хабр,https://habr.com/ru/articles/915514/
ddos защита сайта,11,Органика,Защита от DDoS или как нам «впаривают» страх / Хабр,https://habr.com/ru/articles/915514/
ddos защита сайта,12,Органика,Защита от DDoS или как нам «впаривают» страх / Хабр,https://habr.com/ru/articles/915514/
ddos защита сайта,13,Органика,Защита сайта от DDoS-атак | StormWall,https://stormwall.pro/products/website-ddos-protection
ddos защита сайта,14,Органика,Защита сайта от DDoS-атак | StormWall,https://stormwall.pro/products/website-ddos-protection
ddos защита сайта,15,Органика,Защита сайта от DDoS-атак | StormWall,https://stormwall.pro/products/website-ddos-protection
ddos защита сайта,16,Органика,ТОП 10 лучших сервисы защиты от DDoS атак в 2025 году,https://vc.ru/opinions/1452623-top-10-luchshih-servisy-zashity-ot-ddos-atak-v-2025-godu
ddos защита сайта,17,Органика,ТОП 10 лучших сервисы защиты от DDoS атак в 2025 году,https://vc.ru/opinions/1452623-top-10-luchshih-servisy-zashity-ot-ddos-atak-v-2025-godu
ddos защита сайта,18,Органика,ТОП 10 лучших сервисы защиты от DDoS атак в 2025 году,https://vc.ru/opinions/1452623-top-10-luchshih-servisy-zashity-ot-ddos-atak-v-2025-godu
ddos защита сайта,19,Органика,BI.ZONE AntiDDoS - заказать,https://bi.zone/catalog/services/antiddos/
ddos защита сайта,20,Органика,BI.ZONE AntiDDoS - заказать,https://bi.zone/catalog/services/antiddos/
ddos защита сайта,21,Органика,BI.ZONE AntiDDoS - заказать,https://bi.zone/catalog/services/antiddos/
ddos защита сайта,22,Органика,Как защитить сайт от DDoS-атак своими силами...,https://rt-solar.ru/space/blog/5552/
ddos защита сайта,23,Органика,Как защитить сайт от DDoS-атак своими силами...,https://rt-solar.ru/space/blog/5552/
ddos защита сайта,24,Органика,Как защитить сайт от DDoS-атак своими силами...,https://rt-solar.ru/space/blog/5552/
ddos защита сайта,25,Органика,DDoS-Guard: сервис защиты сайта от DDoS-атак,https://beget.com/ru/kb/how-to/other/ddos-guard-servis-zashchity-sajta-i-hostinga-ot-ddos-atak
ddos защита сайта,26,Органика,DDoS-Guard: сервис защиты сайта от DDoS-атак,https://beget.com/ru/kb/how-to/other/ddos-guard-servis-zashchity-sajta-i-hostinga-ot-ddos-atak
ddos защита сайта,27,Органика,DDoS-Guard: сервис защиты сайта от DDoS-атак,https://beget.com/ru/kb/how-to/other/ddos-guard-servis-zashchity-sajta-i-hostinga-ot-ddos-atak
ddos защита сайта,28,Органика,"Защита от DDoS-атак, купить услугу защиты сайта...",https://westcall.ru/service/svyaz-i-internet/internet-for-business/zashchita-ot-ddos-atak/
ddos защита сайта,29,Органика,"Защита от DDoS-атак, купить услугу защиты сайта...",https://westcall.ru/service/svyaz-i-internet/internet-for-business/zashchita-ot-ddos-atak/
ddos защита сайта,30,Органика,"Защита от DDoS-атак, купить услугу защиты сайта...",https://westcall.ru/service/svyaz-i-internet/internet-for-business/zashchita-ot-ddos-atak/
ddos защита сайта,31,Органика,Защита от DDoS атак 2025: 7 способов + настройка за 15...,https://codeby.net/threads/zashchita-ot-ddos-atak-v-2025-polnoye-rukovodstvo-dlya-biznesa-s-poshagovymi-instruktsiyami.89851/
ddos защита сайта,32,Органика,Защита от DDoS атак 2025: 7 способов + настройка за 15...,https://codeby.net/threads/zashchita-ot-ddos-atak-v-2025-polnoye-rukovodstvo-dlya-biznesa-s-poshagovymi-instruktsiyami.89851/
ddos защита сайта,33,Органика,Защита от DDoS атак 2025: 7 способов + настройка за 15...,https://codeby.net/threads/zashchita-ot-ddos-atak-v-2025-polnoye-rukovodstvo-dlya-biznesa-s-poshagovymi-instruktsiyami.89851/
ddos защита сайта,34,Органика,2,https://yandex.ru/search/?text=ddos%20%D0%B7%D0%B0%D1%89%D0%B8%D1%82%D0%B0%20%D1%81%D0%B0%D0%B9%D1%82%D0%B0&lr=39&p=1
защита сайта,1,Органика,Как обезопасить свой веб-сайт? / Хабр,https://habr.com/ru/companies/vdsina/articles/503772/
защита сайта,2,Органика,Как обезопасить свой веб-сайт? / Хабр,https://habr.com/ru/companies/vdsina/articles/503772/
защита сайта,3,Органика,Как обезопасить свой веб-сайт? / Хабр,https://habr.com/ru/companies/vdsina/articles/503772/
защита сайта,4,Органика,Как защитить сайт от заражения | Вебмастер,https://yandex.ru/support/webmaster/ru/security/protecting-site
защита сайта,5,Органика,Как защитить сайт от заражения | Вебмастер,https://yandex.ru/support/webmaster/ru/security/protecting-site
защита сайта,6,Органика,Как защитить сайт от заражения | Вебмастер,https://yandex.ru/support/webmaster/ru/security/protecting-site
защита сайта,7,Органика,Руководство по обеспечению безопасности сайта | РБК Компании,https://companies.rbc.ru/news/bm0w48aQh3/rukovodstvo-po-obespecheniyu-bezopasnosti-sajta/
защита сайта,8,Органика,Руководство по обеспечению безопасности сайта | РБК Компании,https://companies.rbc.ru/news/bm0w48aQh3/rukovodstvo-po-obespecheniyu-bezopasnosti-sajta/
защита сайта,9,Органика,Руководство по обеспечению безопасности сайта | РБК Компании,https://companies.rbc.ru/news/bm0w48aQh3/rukovodstvo-po-obespecheniyu-bezopasnosti-sajta/
защита сайта,10,Органика,Как защитить сайт от взлома: эффективные меры по...,https://www.nic.ru/help/kak-zashitit6-sajt-ot-vzloma-effektivnye-mery-po-obespecheniyu-bezopasnosti_13722.html
защита сайта,11,Органика,Как защитить сайт от взлома: эффективные меры по...,https://www.nic.ru/help/kak-zashitit6-sajt-ot-vzloma-effektivnye-mery-po-obespecheniyu-bezopasnosti_13722.html
защита сайта,12,Органика,Как защитить сайт от взлома: эффективные меры по...,https://www.nic.ru/help/kak-zashitit6-sajt-ot-vzloma-effektivnye-mery-po-obespecheniyu-bezopasnosti_13722.html
защита сайта,13,Органика,Как защитить страницу от взлома: советы экспертов,https://skyeng.ru/it-industry/it/kak-zaschitit-stranitsu-ot-vzloma-sovety-ekspertov/
защита сайта,14,Органика,Как защитить страницу от взлома: советы экспертов,https://skyeng.ru/it-industry/it/kak-zaschitit-stranitsu-ot-vzloma-sovety-ekspertov/
защита сайта,15,Органика,Как защитить страницу от взлома: советы экспертов,https://skyeng.ru/it-industry/it/kak-zaschitit-stranitsu-ot-vzloma-sovety-ekspertov/
защита сайта,16,Органика,Как защитить сайт и сделать его неубиваемым - 8 простых советов,https://timeweb.com/ru/community/articles/kak-sdelat-neubivaemyy-sayt
защита сайта,17,Органика,Как защитить сайт и сделать его неубиваемым - 8 простых советов,https://timeweb.com/ru/community/articles/kak-sdelat-neubivaemyy-sayt
защита сайта,18,Органика,Как защитить сайт и сделать его неубиваемым - 8 простых советов,https://timeweb.com/ru/community/articles/kak-sdelat-neubivaemyy-sayt
защита сайта,19,Органика,"AntiDDoS, WEB AntiDDoS, Защита сайта от атак – тарифы, цена...",https://rt-solar.ru/space/web-antiddos/
защита сайта,20,Органика,"AntiDDoS, WEB AntiDDoS, Защита сайта от атак – тарифы, цена...",https://rt-solar.ru/space/web-antiddos/
защита сайта,21,Органика,"AntiDDoS, WEB AntiDDoS, Защита сайта от атак – тарифы, цена...",https://rt-solar.ru/space/web-antiddos/
защита сайта,22,Органика,Как обезопасить ваш веб-сайт? 13 эффективных советов,https://www.securitylab.ru/analytics/552051.php
защита сайта,23,Органика,Как обезопасить ваш веб-сайт? 13 эффективных советов,https://www.securitylab.ru/analytics/552051.php
защита сайта,24,Органика,Как обезопасить ваш веб-сайт? 13 эффективных советов,https://www.securitylab.ru/analytics/552051.php
защита сайта,25,Органика,Как взламывают сайты: методы взлома и способы защиты от атак,https://practicum.yandex.ru/blog/kak-zashitit-sayt-ot-vzloma/
защита сайта,26,Органика,Как взламывают сайты: методы взлома и способы защиты от атак,https://practicum.yandex.ru/blog/kak-zashitit-sayt-ot-vzloma/
защита сайта,27,Органика,Как взламывают сайты: методы взлома и способы защиты от атак,https://practicum.yandex.ru/blog/kak-zashitit-sayt-ot-vzloma/
защита сайта,28,Органика,Веб-безопасность - Изучение веб-разработки | MDN,https://developer.mozilla.org/ru/docs/Learn_web_development/Extensions/Server-side/First_steps/Website_security
защита сайта,29,Органика,Веб-безопасность - Изучение веб-разработки | MDN,https://developer.mozilla.org/ru/docs/Learn_web_development/Extensions/Server-side/First_steps/Website_security
защита сайта,30,Органика,Веб-безопасность - Изучение веб-разработки | MDN,https://developer.mozilla.org/ru/docs/Learn_web_development/Extensions/Server-side/First_steps/Website_security
защита сайта,31,Органика,защита сайта от ботов,https://yandex.ru/search/?lr=39&rq=1&text=%D0%B7%D0%B0%D1%89%D0%B8%D1%82%D0%B0%20%D1%81%D0%B0%D0%B9%D1%82%D0%B0%20%D0%BE%D1%82%20%D0%B1%D0%BE%D1%82%D0%BE%D0%B2&src=ref&serp-reload-from=rec_bottom
защита сайта,32,Органика,2,https://yandex.ru/search/?text=%D0%B7%D0%B0%D1%89%D0%B8%D1%82%D0%B0%20%D1%81%D0%B0%D0%B9%D1%82%D0%B0&lr=39&p=1
защита сайта от ddos атак,1,Органика,Защита от DDoS-атак и WAF - Yandex Cloud,https://yandex.cloud/ru/solutions/anti-ddos
защита сайта от ddos атак,2,Органика,Защита от DDoS-атак и WAF - Yandex Cloud,https://yandex.cloud/ru/solutions/anti-ddos
защита сайта от ddos атак,3,Органика,Защита от DDoS-атак и WAF - Yandex Cloud,https://yandex.cloud/ru/solutions/anti-ddos
защита сайта от ddos атак,4,Органика,Обзор рынка систем защиты веб-сайта и сервера от DDoS-атак,https://www.anti-malware.ru/analytics/Market_Analysis/Anti-DDoS-2025
защита сайта от ddos атак,5,Органика,Обзор рынка систем защиты веб-сайта и сервера от DDoS-атак,https://www.anti-malware.ru/analytics/Market_Analysis/Anti-DDoS-2025
защита сайта от ddos атак,6,Органика,Обзор рынка систем защиты веб-сайта и сервера от DDoS-атак,https://www.anti-malware.ru/analytics/Market_Analysis/Anti-DDoS-2025
защита сайта от ddos атак,7,Органика,Защита от DDoS или как нам «впаривают» страх / Хабр,https://habr.com/ru/articles/915514/
защита сайта от ddos атак,8,Органика,Защита от DDoS или как нам «впаривают» страх / Хабр,https://habr.com/ru/articles/915514/
защита сайта от ddos атак,9,Органика,Защита от DDoS или как нам «впаривают» страх / Хабр,https://habr.com/ru/articles/915514/
защита сайта от ddos атак,10,Органика,Что делать при DDoS-атаке: как быстро восстановить работу...,https://rt-solar.ru/space/blog/5757/
защита сайта от ddos атак,11,Органика,Что делать при DDoS-атаке: как быстро восстановить работу...,https://rt-solar.ru/space/blog/5757/
защита сайта от ddos атак,12,Органика,Что делать при DDoS-атаке: как быстро восстановить работу...,https://rt-solar.ru/space/blog/5757/
защита сайта от ddos атак,13,Органика,Защита сайта от DDoS-атак | StormWall,https://stormwall.pro/products/website-ddos-protection
защита сайта от ddos атак,14,Органика,Защита сайта от DDoS-атак | StormWall,https://stormwall.pro/products/website-ddos-protection
защита сайта от ddos атак,15,Органика,Защита сайта от DDoS-атак | StormWall,https://stormwall.pro/products/website-ddos-protection
защита сайта от ddos атак,16,Органика,DDoS-Guard | Российский сервис защиты от DDoS-атак,https://ddos-guard.ru/
защита сайта от ddos атак,17,Органика,DDoS-Guard | Российский сервис защиты от DDoS-атак,https://ddos-guard.ru/
защита сайта от ddos атак,18,Органика,DDoS-Guard | Российский сервис защиты от DDoS-атак,https://ddos-guard.ru/
защита сайта от ddos атак,19,Органика,Защита от DDoS-атак - сервис Kaspersky DDoS Protection,https://kdp.kaspersky.ru/
защита сайта от ddos атак,20,Органика,Защита от DDoS-атак - сервис Kaspersky DDoS Protection,https://kdp.kaspersky.ru/
защита сайта от ddos атак,21,Органика,Защита от DDoS-атак - сервис Kaspersky DDoS Protection,https://kdp.kaspersky.ru/
защита сайта от ddos атак,22,Органика,DDoS-Guard: сервис защиты сайта от DDoS-атак,https://beget.com/ru/kb/how-to/other/ddos-guard-servis-zashchity-sajta-i-hostinga-ot-ddos-atak
защита сайта от ddos атак,23,Органика,DDoS-Guard: сервис защиты сайта от DDoS-атак,https://beget.com/ru/kb/how-to/other/ddos-guard-servis-zashchity-sajta-i-hostinga-ot-ddos-atak
защита сайта от ddos атак,24,Органика,DDoS-Guard: сервис защиты сайта от DDoS-атак,https://beget.com/ru/kb/how-to/other/ddos-guard-servis-zashchity-sajta-i-hostinga-ot-ddos-atak
защита сайта от ddos атак,25,Органика,Сервисы защиты от DDoS атак: лучшие системы для защиты от...,https://timeweb.com/ru/community/articles/servisy-zashchity-ot-ddos-atak-luchshie-sistemy-dlya-zashchity-ot-ddos
защита сайта от ddos атак,26,Органика,Сервисы защиты от DDoS атак: лучшие системы для защиты от...,https://timeweb.com/ru/community/articles/servisy-zashchity-ot-ddos-atak-luchshie-sistemy-dlya-zashchity-ot-ddos
защита сайта от ddos атак,27,Органика,Сервисы защиты от DDoS атак: лучшие системы для защиты от...,https://timeweb.com/ru/community/articles/servisy-zashchity-ot-ddos-atak-luchshie-sistemy-dlya-zashchity-ot-ddos
защита сайта от ddos атак,28,Органика,"SitePatrol | Защита сайтов от ботов и DDoS-атак L7, мониторинг...",https://sitepatrol.ru/
защита сайта от ddos атак,29,Органика,"SitePatrol | Защита сайтов от ботов и DDoS-атак L7, мониторинг...",https://sitepatrol.ru/
защита сайта от ddos атак,30,Органика,"SitePatrol | Защита сайтов от ботов и DDoS-атак L7, мониторинг...",https://sitepatrol.ru/
защита сайта от ddos атак,31,Органика,защита сайта от ботов,https://yandex.ru/search/?lr=39&rq=1&text=%D0%B7%D0%B0%D1%89%D0%B8%D1%82%D0%B0%20%D1%81%D0%B0%D0%B9%D1%82%D0%B0%20%D0%BE%D1%82%20%D0%B1%D0%BE%D1%82%D0%BE%D0%B2&src=ref&serp-reload-from=rec_bottom
защита сайта от ddos атак,32,Органика,1,https://yandex.ru/search/?text=%D0%B7%D0%B0%D1%89%D0%B8%D1%82%D0%B0%20%D1%81%D0%B0%D0%B9%D1%82%D0%B0%20%D0%BE%D1%82%20ddos%20%D0%B0%D1%82%D0%B0%D0%BA&lr=39&cee=1&p=1
защита сайта от ддос атак,1,Органика,Защита от DDoS-атак и WAF - Yandex Cloud,https://yandex.cloud/ru/solutions/anti-ddos
защита сайта от ддос атак,2,Органика,Защита от DDoS-атак и WAF - Yandex Cloud,https://yandex.cloud/ru/solutions/anti-ddos
защита сайта от ддос атак,3,Органика,Защита от DDoS-атак и WAF - Yandex Cloud,https://yandex.cloud/ru/solutions/anti-ddos
защита сайта от ддос атак,4,Органика,Защита от DDoS или как нам «впаривают» страх / Хабр,https://habr.com/ru/articles/915514/
защита сайта от ддос атак,5,Органика,Защита от DDoS или как нам «впаривают» страх / Хабр,https://habr.com/ru/articles/915514/
защита сайта от ддос атак,6,Органика,Защита от DDoS или как нам «впаривают» страх / Хабр,https://habr.com/ru/articles/915514/
защита сайта от ддос атак,7,Органика,Обзор рынка систем защиты веб-сайта и сервера от DDoS-атак,https://www.anti-malware.ru/analytics/Market_Analysis/Anti-DDoS-2025
защита сайта от ддос атак,8,Органика,Обзор рынка систем защиты веб-сайта и сервера от DDoS-атак,https://www.anti-malware.ru/analytics/Market_Analysis/Anti-DDoS-2025
защита сайта от ддос атак,9,Органика,Обзор рынка систем защиты веб-сайта и сервера от DDoS-атак,https://www.anti-malware.ru/analytics/Market_Analysis/Anti-DDoS-2025
защита сайта от ддос атак,10,Органика,Что делать при DDoS-атаке: как быстро восстановить работу...,https://rt-solar.ru/space/blog/5757/
защита сайта от ддос атак,11,Органика,Что делать при DDoS-атаке: как быстро восстановить работу...,https://rt-solar.ru/space/blog/5757/
защита сайта от ддос атак,12,Органика,Что делать при DDoS-атаке: как быстро восстановить работу...,https://rt-solar.ru/space/blog/5757/
защита сайта от ддос атак,13,Органика,Защита сайта от DDoS-атак | StormWall,https://stormwall.pro/products/website-ddos-protection
защита сайта от ддос атак,14,Органика,Защита сайта от DDoS-атак | StormWall,https://stormwall.pro/products/website-ddos-protection
защита сайта от ддос атак,15,Органика,Защита сайта от DDoS-атак | StormWall,https://stormwall.pro/products/website-ddos-protection
защита сайта от ддос атак,16,Органика,Защита от DDoS-атак - сервис Kaspersky DDoS Protection,https://kdp.kaspersky.ru/
защита сайта от ддос атак,17,Органика,Защита от DDoS-атак - сервис Kaspersky DDoS Protection,https://kdp.kaspersky.ru/
защита сайта от ддос атак,18,Органика,Защита от DDoS-атак - сервис Kaspersky DDoS Protection,https://kdp.kaspersky.ru/
защита сайта от ддос атак,19,Органика,ТОП-16 сервисов защиты от DDoS атак: все лучшие системы...,https://dtf.ru/kursfinder/3199141-top-16-servisov-zashity-ot-ddos-atak-vse-luchshie-sistemy-zashity
защита сайта от ддос атак,20,Органика,ТОП-16 сервисов защиты от DDoS атак: все лучшие системы...,https://dtf.ru/kursfinder/3199141-top-16-servisov-zashity-ot-ddos-atak-vse-luchshie-sistemy-zashity
защита сайта от ддос атак,21,Органика,ТОП-16 сервисов защиты от DDoS атак: все лучшие системы...,https://dtf.ru/kursfinder/3199141-top-16-servisov-zashity-ot-ddos-atak-vse-luchshie-sistemy-zashity
защита сайта от ддос атак,22,Органика,Защита от DDoS-атак на сервер: методы и средства,https://selectel.ru/blog/anti-ddos/
защита сайта от ддос атак,23,Органика,Защита от DDoS-атак на сервер: методы и средства,https://selectel.ru/blog/anti-ddos/
защита сайта от ддос атак,24,Органика,Защита от DDoS-атак на сервер: методы и средства,https://selectel.ru/blog/anti-ddos/
защита сайта от ддос атак,25,Органика,Картинки,https://yandex.ru/images/search?text=%D0%B7%D0%B0%D1%89%D0%B8%D1%82%D0%B0%20%D1%81%D0%B0%D0%B9%D1%82%D0%B0%20%D0%BE%D1%82%20%D0%B4%D0%B4%D0%BE%D1%81%20%D0%B0%D1%82%D0%B0%D0%BA&stype=image&lr=39&parent-reqid=1764688039187476-12430313199872319016-balancer-l7leveler-kubr-yp-klg-79-BAL&source=serp
защита сайта от ддос атак,26,Органика,BI.ZONE AntiDDoS - заказать,https://bi.zone/catalog/services/antiddos/
защита сайта от ддос атак,27,Органика,BI.ZONE AntiDDoS - заказать,https://bi.zone/catalog/services/antiddos/
защита сайта от ддос атак,28,Органика,BI.ZONE AntiDDoS - заказать,https://bi.zone/catalog/services/antiddos/
защита сайта от ддос атак,29,Органика,10 сервисов для защиты от DDoS атак: Лучшие защитники в 2025,https://vc.ru/links/2265111-10-luchshikh-servisov-zashchity-ot-ddos-atak
защита сайта от ддос атак,30,Органика,10 сервисов для защиты от DDoS атак: Лучшие защитники в 2025,https://vc.ru/links/2265111-10-luchshikh-servisov-zashchity-ot-ddos-atak
защита сайта от ддос атак,31,Органика,10 сервисов для защиты от DDoS атак: Лучшие защитники в 2025,https://vc.ru/links/2265111-10-luchshikh-servisov-zashchity-ot-ddos-atak
защита сайта от ддос атак,32,Органика,защита сайта от ботов,https://yandex.ru/search/?lr=39&rq=1&text=%D0%B7%D0%B0%D1%89%D0%B8%D1%82%D0%B0%20%D1%81%D0%B0%D0%B9%D1%82%D0%B0%20%D0%BE%D1%82%20%D0%B1%D0%BE%D1%82%D0%BE%D0%B2&src=ref&serp-reload-from=rec_bottom
защита сайта от ддос атак,33,Органика,1,https://yandex.ru/search/?text=%D0%B7%D0%B0%D1%89%D0%B8%D1%82%D0%B0%20%D1%81%D0%B0%D0%B9%D1%82%D0%B0%20%D0%BE%D1%82%20%D0%B4%D0%B4%D0%BE%D1%81%20%D0%B0%D1%82%D0%B0%D0%BA&lr=39&cee=1&p=1