Запрос,Позиция,Тип,Тип страницы,Заголовок,URL
ddos защита сайта,1,Реклама,Непонятная,Защита сайтов от DDoS-атак. Поддержка 24/7,https://yabs.yandex.ru/count/WiaejI_zOoVX2LaX0zqL0EEcaZbrXWcOlM42UbDlBXk6WFS20dgAIALofmdq-LpkxDb-vyuRxdpzZjSRxd2hr1pL77SEmgwTzPEd22d7zEP1oc4jCYhYISgHm-O1of7VKHlwX4wVKfkdAaJD8HtYiH9HYsJaoFDdVjiu7eNoL8MEbeoGP2mX_LI7a8ni_4Y7Vf9g6KL2GqFMf9hwKxsHmpcDIktfRTjL9EgIZ3h9g5fLiWEcRABemfK2T5Rw2B1ZDLc267GSOM2xv7oJe7GavjAQEbG3nwKtBiMdUJI_epWEXKvh9-wSGftsFStpA1wLsXBWO06GPYOM3cBM1VB62nJ5K8yA6H1p-6PFD5BW29JhVBvXil5IOBFxGC0Du00sS9b_Zti-zBHqMWrxCmobKAjXYq4NmCiCAo80Lz_r6ft3c90VLrZWA6Kqt2RDTilH0vWj8-n5WH5aAe2j0pfMdy8GDl5OuYZC2GK6PgO4eQCwl60E6ezzixRit3iBMnE7M981z9WxOM477TRaeKTX6oDaoM8CkQatCMDq3K5GXJJKdaI03V9g5IdYrlWqzIXeSYbexlutad1of_-mbqE2rUI3Er0p4_ylJ1TKuFV2T445VcuC86FRtsahtHxdhyLXKmBtipXiIk2OvXoFMSxncEDTrtMTDlyXFB1aOKWIP4pl69846TFR9TUNOyvvTPxi-VJpen_J7fm0L9D1ilzwdT7fSD5lQLrdqXcT3XUzzaz67L9vVTPxtIDXv4Q18mBMeOvePgvKAfL299WwTeoEWKc0yeCuaO1T0Zb71m4a_01lATnLuMCO8-sN5iup0HrHbs8XiOqUrWNz2FoLsWqsnbvdDxple6tPUdpdmBF-18Ge2KazU-e-j4Q5GIG6GNNS0TfY1LmjdpKUvl6sBDDZmT6380P31iSBPJWtCe4jdepjHshHQGahhNkV3W00~2?etext=2202.0TgN60bTMuAkvWVVYSv44D2_9_l94l4QPfY4WbHhJlxWDd7Q-WvuzvjyiUk5WqJLbGFrbG94YXZ5ZHJramd5eA.8b167d144ce998dd41ef08c4ee1ed8abf1135219&from=yandex.ru%3Bsearch%26%23x2F%3B%3Bweb%3B%3B0%3B&q=ddos+%D0%B7%D0%B0%D1%89%D0%B8%D1%82%D0%B0+%D1%81%D0%B0%D0%B9%D1%82%D0%B0
ddos защита сайта,2,Органика,Непонятная,Защита от DDoS-атак и WAF - Yandex Cloud,https://yandex.cloud/ru/solutions/anti-ddos
ddos защита сайта,3,Органика,Непонятная,Обзор рынка систем защиты веб-сайта и сервера от...,https://www.anti-malware.ru/analytics/Market_Analysis/Anti-DDoS-2025
ddos защита сайта,4,Органика,Информационная,Защита от DDoS или как нам «впаривают» страх / Хабр,https://habr.com/ru/articles/915514/
ddos защита сайта,5,Органика,Информационная,Как защитить сайт от DDoS-атак | DDoS Protection & Web...,https://kdp.kaspersky.ru/?id=776
ddos защита сайта,6,Органика,Непонятная,ТОП 10 лучших сервисы защиты от DDoS атак в 2025 году,https://vc.ru/opinions/1452623-top-10-luchshih-servisy-zashity-ot-ddos-atak-v-2025-godu
ddos защита сайта,7,Органика,Информационная,Защита от DDoS атак: как выбрать эффективное решение...,https://rt-solar.ru/space/blog/5250/
ddos защита сайта,8,Органика,Информационная,Как работает защита сайта от DDoS,https://ddos-guard.ru/tutorials/website-protection/how-it-works
ddos защита сайта,9,Органика,Информационная,DDoS-Guard: сервис защиты сайта от DDoS-атак,https://beget.com/ru/kb/how-to/other/ddos-guard-servis-zashchity-sajta-i-hostinga-ot-ddos-atak
ddos защита сайта,10,Органика,Коммерческая,Защита сайта от DDoS-атак | StormWall,https://stormwall.pro/products/website-ddos-protection
ddos защита сайта,11,Органика,Информационная,Защита от DDoS-атак на сервер: методы и средства,https://selectel.ru/blog/anti-ddos/
ddos защита сайта,12,Реклама,Непонятная,Yandex Smart Web Security — защита веб-приложений,https://yabs.yandex.ru/count/WmqejI_zOoVX2La_0_qN03Chfin3D3q1ipTCG6_gpMN34F1UG427Ff_BdJtRxznvmvslt_5wmntkT0gLtdaEXKRj73tE9ADgrVa4yPmwxNpgp36DEgNsq-c4GgUtCyTjEqTroMWewCT531S_CL9Gy4D1YWTO_BneSSB53mOjVcO48L6jBkeRIa98Iq7M922h3IKaAb4IYUgIqL3GsWwOiecY2rSAq5df8y2ErMG9Oj1nD878nyV7nwS4HY9V0LeOYKaAqC98t2j02oDHhm0jZCHm0LeOYKWAqC98p2j02oE8jW0jZ21L1MXX1A4gG0iZ28y2j322J1MWXO7jalCruLYcXtiVY22dc-GcXKakhQb3DN1SUkDIV9f7ypkAur3ej7RYpYdKQT_JF8_YKQaj0GuM06bcOk4WPbqWRxm-qWjA3EjAIoFTpVx5CE69apYVRvXil1JOx3uGS0CuW0rS1IIfudP2FIsTLiFU34Cfr6hOOj05y3B3YWZ0TO19t_KQdSEOa1zNME0ePJJS9irsoz43c2qZx4LPi_BauNl1OW1VC89C1R1rGAlTOxvJNqEiBfY3ncFVh2qxzyx2reJRNLK71smnOc477UQaiFKKT9W9PGj1g0PZo1YWT1tCfElQ634pHW-2AgIXzYG2R91NgqWHjyQdgKT1aqj1S_U_SLdbXV67AmZPMllWfLkTZ__rUbb0ljVhPG7vN9-bBUplCryfS5_R_246v6URFyI0CCqrKPXbcozpp5nw_PGctxnTrtMTDlyXFB1aqOqqFQuW-SIH1kFK0VdIEquTa2-zPVRvil_1nILxikUxijNzcFRW0xwuSGdwBmbgX7HrValhkkv5ZP2kpcjzNX4cBPP27L-M965ILlScH8AfOyVe69Wcb1_4reuc9P1pT10Z_CY8II_fPJvfMk_9cfY-SeFi-wamTFLL_K8qWnhX6p-AUe1qcpXC4Z44WPZ1v-ahklA3o00JsW-cSeU34Jy27brOzMPu_SrxzyDbWvqvUNh4rD133hRS20jR3Fa3lwwMdVCr~2?etext=2202.0TgN60bTMuAkvWVVYSv44D2_9_l94l4QPfY4WbHhJlxWDd7Q-WvuzvjyiUk5WqJLbGFrbG94YXZ5ZHJramd5eA.8b167d144ce998dd41ef08c4ee1ed8abf1135219&from=yandex.ru%3Bsearch%26%23x2F%3B%3Bweb%3B%3B0%3B&q=ddos+%D0%B7%D0%B0%D1%89%D0%B8%D1%82%D0%B0+%D1%81%D0%B0%D0%B9%D1%82%D0%B0
ddos защита сайта,13,Реклама,Непонятная,WAF: защита для твоего сайта,https://yabs.yandex.ru/count/WfGejI_zOoVX2Lab0pKK09FYWIMSm0cOlM42UbDlBXk6WFS20Zhq-LpkxDb-vyuRxdpzZjSRxd2XTcv7fxVzbDfJ7n1E523oQ6u_doXKGEySX8q2H7xZKrjwspQJtr7GbMg3n0qb8QIb86jIJGF9o8QIjKY8Ee9QHQBAuDi1KpPHTE5A0JehVGJOiPeiGGmwZZ2mNNA-I5uGkt9fJHsgWUFI6vVYqpoQtr4SXqAdjHDtJg5E-vxcUHIFIcq9SB00I3CJ2mSnwm9vumq05JOWLj-s_UvchpeHmG0wgVFvXid6Iu7DxWC1Du03sC35GQGgsx3Lqz9fDUpDC9H2hOOj1bq0BpEiY01Sfgw3TNtNQtGEOq9-N661evJHS9iqsor73s2sZB0N1KQGgG2s3kYwFZMb2oulwu8vQ3pspTgoS-yiR4ruGwH0J0pIjB233dDIs7eAEio4ieKfASWOCWOePemU15L8G-r91DWWhrQH8cwDJrEFWYQNWkRkVwFV9jb_c3dEslB1_emdzRyvganzRuugKv_hVI3U_HtcYXILhrqgUl7wsQMY5o-ccQOBiwn07NEywxgkq-O_X0UMBBgHfiTUqOrG2ntK7iX5Wt6sFnRf7MVxOv7U-aXVjldXEER9FaaviSkFQGy-O17IQyn_lRuNUPBcjxIkC-bxaITfNklnfcoH4nGYmTInOtGCJ13AJu4R0eeba7Dq42lyyKjqP7aCehfUp9PCCHhP8LyEo_DkkVp33a84_TFxFWgWilCgjLXkgbs8LF3d0BK46kM-2SzM6MqUCjUQA__OT8-YyAwsOgKN6OmmG8nAyh7cijg5fGl_S5cXyy0loHCRrJvqwKPdB4piULji2ZLTg3e2MbcfgqFgS0W0~2?etext=2202.0TgN60bTMuAkvWVVYSv44D2_9_l94l4QPfY4WbHhJlxWDd7Q-WvuzvjyiUk5WqJLbGFrbG94YXZ5ZHJramd5eA.8b167d144ce998dd41ef08c4ee1ed8abf1135219&from=yandex.ru%3Bsearch%26%23x2F%3B%3Bweb%3B%3B0%3B&q=ddos+%D0%B7%D0%B0%D1%89%D0%B8%D1%82%D0%B0+%D1%81%D0%B0%D0%B9%D1%82%D0%B0
ddos защита сайта,14,Реклама,Непонятная,StormWall — Защита веб-ресурсов от любых DDoS-атак,https://yabs.yandex.ru/count/WpKejI_zOoVX2LdC0pqP0EEhg2MSm0cOVG9XRvY0tjIRouOXuBs0W0vzFfSxUxRVkVE6Er-_u_M6EzpRMcHKz6DFxvyx1s7Nplhf0yA90aIAPmuZgumSCfIGSa2XqgVqdkRs4vgZAlGpuoZ73svFynktfNZKpb6bvf3Yj_Esfr0ScgCg92D7LIZengLHwTIMvbX2-gaE8HdP-1aQelxSe0uT9GbLZP2EHWmDKMqG8Haf9Nbtm9HD55suKe3EIXy1TgmcIn23ZgC9H3u-FZu-9J0I-GhGmaXCKe0MHk9U0LeOYNe5Q64aXWlGmaX4Ke0MHc9U0LeOGRG5Q644gIf02oC8LG5Q645u5A254MIg02qCR9UShud73BOrR3YHv7IH6fcyFeIP7xpU0pUNrjIX6ZWklN4fFisZ-Ht5SIXqMZjnvnJgjEzfdaVngDIM00SBW3GpiN0GiowGDrw_ay_u8kco_8LlTWayG60hQy3vVCDauwN0PlU1W1l00MpWZf3ZOQJmYfYUbawhOM-6eHHgDMmnw09ucM551E1o61FoumeB7AMCXjkasMuvUW2pPOIzA6jMdZnyBrWCu0j6aAa0jWveiViNXh09BnHA78KvaOavx79YDdR173GU-sPjsRbt5hOcpdnmI43BMMTX1ntMvA57OUifw30JoZ1mPqfYo4qT2sRIiTuOCJD6rn04LKX3xKa4s22lLf4YRerFKu-29fU2vkv_umypqVfX0RH8WJ-OPkJI_nS779JlnG47vNEzbJdkxp8x4VrhbuP-N7vsQUZ7XMd6yCGiAy2swxgkq-O_X0UMB0kEJxRetOBZaorwIsTzsOTD9afwiXTZsllycFRW0mA150RwBux1jIUHWsjFdBpMtxaftZ51miYD0aS4h0kHOEhOCJe69f_oasaVkXB8EJe8A_n4N6begFfpLJ-_Uv3Ewk3KG6DuFHYAVMKjrtIHpGbfgNYdGU02uyoy4MlI5HB5-97-_JtC6V1l6HNBof2c3lGjVURB5oKQT2H-Q1Yu3E4eQGkM0IV1lgLZmRYSTwdmwsEkwXvu4BjtJsEsgDlBl-ZaNAf5yxiRjGFgvkZgGzjV0m00~2?etext=2202.0TgN60bTMuAkvWVVYSv44D2_9_l94l4QPfY4WbHhJlxWDd7Q-WvuzvjyiUk5WqJLbGFrbG94YXZ5ZHJramd5eA.8b167d144ce998dd41ef08c4ee1ed8abf1135219&from=yandex.ru%3Bsearch%26%23x2F%3B%3Bweb%3B%3B0%3B&q=ddos+%D0%B7%D0%B0%D1%89%D0%B8%D1%82%D0%B0+%D1%81%D0%B0%D0%B9%D1%82%D0%B0
ddos защита сайта,15,Реклама,Непонятная,Защита от DDoS-атак для сайта. Российский провайдер,https://yabs.yandex.ru/count/Wn0ejI_zOoVX2LcZ0nKO05DfdYMSm0cOlM42UbDlBXk6WFS20Zhq-LpkxDb-vyuRxdpzZjSRxd1xV40uKJYJZAfLvnF4S-gqywap1txd8EmKjRD-vf1XHSeHlV6dz2cLJcqxHrM8ciE-xHoQHwLvBetcqpoNHlFfK_gJP5Ij9XbLgoIIYeo4b9Q6Z9AAga4ZRDYm0QPiekZ2bG9qLle8i6CrMO8OT1nD8FBnyV7nAT5XkaCW28G2cj05X2kOKW0NHY9V0LeOYKaAqC98t2j02oDHhm0jZCHm0LeOYKWAqC98p2j02oE8jW0jZ21L1MXX1A4gG0iZ28y2j322J1MWXO7jalCrmIK7yONOcCtfjgWB4_iG_X-ytWCtbzRKeHeuBhrnAJxDe_aTnN4eT5exSUSKwhJlQPv7yQZKbW072u0qCx5m4BCka3TU7oMm6mX7lb8SShF_iKY2DtIVppTCDbuAR7OV2BW17C06BWLrLMTjUbewhOQz6OPIgDMmnQ0Bu6M65H60os5Co8yhB72KCXfkasQxvUW1p9OHzgAiMNdoyBrWCO0l646c0jWweDNtBqUmLAFL1NFGUEoRjMNdtbdOcYYpmb6IbJF3mWuwZ2b6OOjNn2-6Z06A6QC7GHNIK7iI0JR8grMaY5lZqzIZeCcbeBdxt-ZDTFiFm_YTCHcYmlhU8Igip_LCKQRy_Okvm5-xx7f5_UoownN5D0S0X5dEhp37pAKtPjTrNQVDVmWFB5bq8qsFAqW-SQJ1VqSJ6Bt_7KrWz5Q3Bo-xLeEUxCKayy9-J7lmJXaNlZ7_rS3BRQtivRPMzbe_HPYsXSlS5Br9Hi90I24IJ1qxHiV035F-22GLOA04SeuE0YxyRZUL3PlkdBabun3hAYEvhOyPpkJ2BGmx1CoD_GJub0tmOSNRdrdYqun-Kw-m1KLBFVfTKySD-ilB2u_B2EapKgKj1WfwT_XduCU4WVC4XuXQknZG35X72nRyqDXbbhLEJ1Gzv0fZYyeEBsVusWjiyL5jr6pK2FmpwEVfNQTdILTpHHCL~2?etext=2202.0TgN60bTMuAkvWVVYSv44D2_9_l94l4QPfY4WbHhJlxWDd7Q-WvuzvjyiUk5WqJLbGFrbG94YXZ5ZHJramd5eA.8b167d144ce998dd41ef08c4ee1ed8abf1135219&from=yandex.ru%3Bsearch%26%23x2F%3B%3Bweb%3B%3B0%3B&q=ddos+%D0%B7%D0%B0%D1%89%D0%B8%D1%82%D0%B0+%D1%81%D0%B0%D0%B9%D1%82%D0%B0
защита сайта,1,Реклама,Непонятная,Теряете деньги пока сайт лежит под атакой? Есть защита!,https://yabs.yandex.ru/count/WkKejI_zOoVX2LbJ0xqM00EebYMSm0cOlM42UbDlBbk6WFS20dgAIALofmdq-LpkxDb-vyuRxdpzZjSRxd2dJhi44P9LgKhDKSrnvo3isba_UOgGSanl7gGSrYAZ8fuacmSeXpEQGvzHgFCPjNcgGjGSALpq-F1OYQX5CdBWjpsTGd4e3kMf2Xqj6I79M4BwAHAY4lrKXv2CRFnGRr1hM8UiGKP3HZICVgetSaIbEMxRTxw4DAAAH5sIKISPLQjGEs3A9eektHW8J2bz10ti42pn67GSOM2xv7nZSB-IkRIc3jMGvlRjbE9E9zJvpEyyQkDsdUVH9pIQtzCyZ-9HgIq13XO0QMPYuI1cNI1ll9x8Lv2yl4Khv_7DxXO6r6EBsVbymsJZfS1czu606y01RE0o_nxtDcprj7HQ3Nip3ALGgs6BGHV0ommh8W3NwxjUetCO4_BZ2WiSfOo6swJPRZbw0BDbXBqeC89C1R1rGCVgKpDJWj1H7Lum1ut7lbbRTkwTXQq9GR2g90AsrC8EEgn2EKR8aiKOSbDdOiReT12K8KzU7K43GLwj8aNS6f-c7WLDBWNDtVz62t1rtX_E5PbmVN01Kt9G_fU2hblvNWgwRkLpA-XC-jyz59MM8LzhGDbO_BC6b8t5J3E9GMQPn21pp5nw_PGctxnTrtMTDZSHfuoxw4QQ7cD84cHCxnYI11dJMy_eop7dl3fFzcdYB6O_fZtu0B_79NF-Em9XbhAPC4ivwxM-Y1OimZ2VzLUc6jssYaESe7ZT8s7aHe4Z0jQXZcXchbGgbK8ac0dOCJe6fWlbzwhHgdBKGKs8AVoHWW7P8JDNXP7UmX3ORQD7sxexTgkYHzwGq0iBdvc0_AThNY75HcnqGRFGlA9JWmrmMUULQ_7Wsb8mrSy0gqjCD4j1lw6XpOOB90jnC9e1BMFbVStjtraFZflZ3x6PnpngkHvcOkYwXWDqmaAsIFjl74Eqi1BmskC0~2?etext=2202.Dg7mFkEzFwxpB22Rj-5IoH1X7mAWBROvyve_GMaLWnt0Y3lzbmhzemdhamxlZWlx.f8ee6820c03b875c09b46ac31cfcf28318317367&from=yandex.ru%3Bsearch%26%23x2F%3B%3Bweb%3B%3B0%3B&q=%D0%B7%D0%B0%D1%89%D0%B8%D1%82%D0%B0+%D1%81%D0%B0%D0%B9%D1%82%D0%B0
защита сайта,2,Органика,Информационная,Как обезопасить свой веб-сайт? / Хабр,https://habr.com/ru/companies/vdsina/articles/503772/
защита сайта,3,Органика,Информационная,Как защитить сайт от взлома: эффективные меры по...,https://www.nic.ru/help/kak-zashitit6-sajt-ot-vzloma-effektivnye-mery-po-obespecheniyu-bezopasnosti_13722.html
защита сайта,4,Органика,Непонятная,Как защитить сайт от заражения | Вебмастер,https://yandex.ru/support/webmaster/ru/security/protecting-site
защита сайта,5,Органика,Информационная,Как защитить сайт и сделать его неубиваемым - 8 простых советов,https://timeweb.com/ru/community/articles/kak-sdelat-neubivaemyy-sayt
защита сайта,6,Органика,Непонятная,"AntiDDoS, WEB AntiDDoS, Защита сайта от атак – тарифы, цена...",https://rt-solar.ru/space/web-antiddos/
защита сайта,7,Органика,Непонятная,Как защитить страницу от взлома: советы экспертов,https://skyeng.ru/it-industry/it/kak-zaschitit-stranitsu-ot-vzloma-sovety-ekspertov/
защита сайта,8,Органика,Информационная,Руководство по обеспечению безопасности сайта | РБК Компании,https://companies.rbc.ru/news/bm0w48aQh3/rukovodstvo-po-obespecheniyu-bezopasnosti-sajta/
защита сайта,9,Органика,Непонятная,Как обезопасить ваш веб-сайт? 13 эффективных советов,https://www.securitylab.ru/analytics/552051.php
защита сайта,10,Органика,Информационная,Как взламывают сайты: методы взлома и способы защиты от атак,https://practicum.yandex.ru/blog/kak-zashitit-sayt-ot-vzloma/
защита сайта,11,Органика,Информационная,Защита сайта: безопасность веб-ресурсов и методы защиты от...,https://lpmotor.ru/articles/Zashchita-sayta-pochemu-bezopasnost-dolzhna-byt-prioritetom-kazhdogo-vladeltsa-2508
защита сайта,12,Реклама,Непонятная,"Антибот - защита сайтов, веб-приложений и API",https://yabs.yandex.ru/count/WumejI_zOoVX2Ld71FKR05Ckiyn3D3q1ipTCG6_gpMNB4F1UG427Ff_BdJtRxzpvhg-Thz_nUiCTRfLQucZ924d6491Gab2D4FOFadM6aj7FZqt10n7qM311pucV5ncaUC5ZFRgXz1EKmrfaLCIJ5AHaHSenlNba8EL0iivGCk9HEigHWqS8oFda4QAH0vS-fyxdyuv2UOHav9ZYqMWqVpgbF491EQetU9IISaZjA9H7AAb4Kf2GqeqXQX7rHmc9IfGKmXw1P9sXP7Jd8EpQMJ-dzstVDuv3dz8GIaP0Gaf5L19BI2EiHq97PpjWoYQABjqO24mfVGGDx10iyHXq74qWyl7nyV4fWP78Lu0MHcAI0hGm4lSAqC98r2j02oCnN80MHYAI0hGm4lCAqC88eYr02oD8LG5Q646e2j322CAZ02sC85C5Q65Wk-HyJKWPm4c8ir0efqltSH7iogKrTQY6DBTlfnHtEg7EPtxdKHktwpoFFg7H_9xcUHIFIcq9SB00I3CJ2mSnwm9vuvK1ldeIjtLdgBtPyJwW-e8sdSytJ3PU2cns7mYu0Hp01kwE4d2FdL1FIwVLi3V3K0gr6hOOT06ypB0Y0d2Pkgxh-gxNw1p6XFoumW97AQFXDccsMuuUm6mPOI_AcfKd3zyB5WFuWX5aAe2j1LgT-yN7nyV7fyI4suyhuWlceF7ODslBphspi3NXTbVLmG5RZ5ZOGOSrgPmeR9aMbyIGcpeMpAHZiMB4p1XTGn2K8KzU7K43GLwj8aNS6f-c7WLDBWNDtV_6c2zOrWyJe0NLzi4q5I3X_mL1nvBl1K77aizD0YlykuoJPFbhwIwAXZzBTr4qP9fhh9Xb5ETTrtMTDZSHfuoxE3GzyQ9t3arFlEZjaIzx6E83ovE_5zaLcn_J7eo05o577ltNwqYedWJzbjPr9Xq9rPEWr_x9foXif109PW9sZ8xX8r5-nckF5aSTr8G8FVmy3eZvR7ltuhm4o36KIYOIhOKNVrpJ84GhGxiNxenjiiWy1i3y-iKtfrFW0nw3aSRGHFRhD6ZzQk6nR8jPZAe9Jw5wzXPkBKBnSePVa3eek9SOt2ZGKacTKbe5-D1VsZVUtG5FNXoCl-0-9UNcOz8WIgYk4CdvK1mPnbCWU0rtPJ5_Ih2b0pwmx6ANlsTMwJ44fmU9cGt2i85XbGbR_EyFq4NmVreK35PNdzxc4000~2?etext=2202.Dg7mFkEzFwxpB22Rj-5IoH1X7mAWBROvyve_GMaLWnt0Y3lzbmhzemdhamxlZWlx.f8ee6820c03b875c09b46ac31cfcf28318317367&from=yandex.ru%3Bsearch%26%23x2F%3B%3Bweb%3B%3B0%3B&q=%D0%B7%D0%B0%D1%89%D0%B8%D1%82%D0%B0+%D1%81%D0%B0%D0%B9%D1%82%D0%B0
защита сайта,13,Реклама,Непонятная,Аудит безопасности сайта и сети от F6,https://yabs.yandex.ru/count/WjyejI_zOoVX2LdE0eqM0EDedSn3D3q1ipTCG6_gpMNB4F1UG427Ff_BdJtRxzpvhg-Thz_nUiCTxf6H4eqaQzMeo1cDHgTFwJsDsaf9LgKYwr4zhMS48L6jIKLMegGaQr8IjRwX98Iq56HDggr8Iqf1IqXAILIaQv5Gz3h2XWqRSZjWoYQABjqO24mfVGGDx10iyHXq74qWyl7nyV4fWP78Lu0MHcAI0hGm4lSAqC98r2j02oCnN80MHYAI0hGm4lCAqC88eYr02oD8LG5Q646e2j322CAZ02sC85C5Q65Wk-HyJJHkZU01cn0lETqbhJMlN5fJXsf8S_jsId6d4-fyvdSUjN6xplFe4nhDxscUH_6er9O01mk0D3EnS12pBf0tNfydYtsGEdpeaM_s9D314JJKpkSR9Xil1JQx3mJS00vW0nVd0PSb29MUbawhOM-6eHHgDMmnw09ucM551E1o61FoumeB7AMCXjkasMuvUW2pPOIzA6jMdZnyBrWCu0j6aAa0jWveTR0l364JaOOFfDNWC8H9P98Olc0E6ezzixRit3iBMnFU42aG4uCqBUoWmvfKJXIsde8ECw5iOMun6qDkwbWmaux5YX4pOtGDGL26F7br10q4URMA575hV9fw53Iv53Ht_nj3w1BomyklHC8FzePKL__hcUYmljSpqM5zhkTIc_BtvXOYJBvs-IMC_BFBBs5afhb2brasm0bpp5nwcSjzrtLTfyrDn2dZBfmkOoszutGPQ-cjv_goNs85NER9Ngm87lDZseCH85B4Rkk_0TWscUBwBQth-kIsoHJNQ_yNAJ_EV7DJz2OP2GCXXKWm4x1ZT0pBFkLVO_5tmL47DI427VmammVyxLRqU94GNa_UatR6hN-yqdGBMVH2IBfsljXy6E4uAksegQA7X55dWarwpQZK_vPVwe35zVIkQvYJlRKLFOYDH9fKBR15-BCje1PbhITlkffhbA80~2?etext=2202.Dg7mFkEzFwxpB22Rj-5IoH1X7mAWBROvyve_GMaLWnt0Y3lzbmhzemdhamxlZWlx.f8ee6820c03b875c09b46ac31cfcf28318317367&from=yandex.ru%3Bsearch%26%23x2F%3B%3Bweb%3B%3B0%3B&q=%D0%B7%D0%B0%D1%89%D0%B8%D1%82%D0%B0+%D1%81%D0%B0%D0%B9%D1%82%D0%B0
защита сайта,14,Реклама,Непонятная,Контур.Эгида — Информационная безопасность бизнеса.,https://yabs.yandex.ru/count/Wp8ejI_zOoVX2LbV0oKP0DFigoMSm0cOlM42UbDlBbk6WFS20Zhq-LpkxDb-vyuRxdpzZjSRxd1_y6WUlMteSuf3SrI5b78KtKZASQH4bEFEGTWfQcVzp54a0ob7ZXhMQWwhq8mPIK0L_D184ZAou6U8geHaPC4FjIea0u8KFoXwDCXHT1IKmyxnvnHtEgVvVKkTKoWqHrL8HeuSLMeE6ab2HaS_IKKrVghK6pMrAYJ3MYCjAHKPqK1nvxWK-ioXJccIa0mhbSGIqWYa9QKY8nfJTi2KJHHTkZ4Gc5Bw21hO8LZYCUWuca3au-FZurC28v6l02sCn2G5Q64axXMWXP6eLu0MHcAu02sCH2G5Q64avXMWXH54Mu0MHf2g0hGmWb0Le8KHX4S1MXX1fWhGmi1soVcQi4Aqz_t8W9ZJNT9IJliGPdxmUW_SN5fJXsf8S_jsId6d4-fyvdSUjN6xplFe4nhDxscUH_6er9O01mk0D3EnS12pBf0tNW_imE88aixd6oORBmKskmy4t00EO0CNHsopImlKqz9fDUpDC9H2hOOj1bq0BpEiY01SUggcx96a2Kwf4NCO4_BZ2WiSfOo6swJPRZbw0BDbXBqeQrQUF7mlM0pW2qQGgG2s3kZQFMWyzitQidFlB6nDdFdWa82Miyx23ZhCIM7hAUWm4yhCHQnj31a353D6_phCDmZAa2UlZg218AzMaI9kZKzJZu8cbuBcxd_ZqjiZxOTdmg9a-M1wHvZylrviZ_ozNcoF_Bd-29Z7tsEmmbM-zkj8o_lPhoCjZscUuCOi4w1bZfbBRtFNTLsdpKt4AUCkkf6cnxIMR90i6ZnXpFNIEnFBaqPwkupqvS_5f4dGat_NandMZsaFHe09eL-M_vOmXQrodi9MoV9QpzTtHaRsMIz4Wfc07QDZOFue_nGO5W8STL0J8YNylNzbrfKu8rkjznA3rFA8_ELQRew3DDUempCtWNDASW4DiZ1A1lnua20-KkuC7NN5BKuBQe76N9N0VDM1Hul4URy8fVyfB3a_V7xsjd3KMI728qApXp1-Cjf3bgkonLSX_gT7H9UJxbX4WEXgyICG0m00~2?etext=2202.Dg7mFkEzFwxpB22Rj-5IoH1X7mAWBROvyve_GMaLWnt0Y3lzbmhzemdhamxlZWlx.f8ee6820c03b875c09b46ac31cfcf28318317367&from=yandex.ru%3Bsearch%26%23x2F%3B%3Bweb%3B%3B0%3B&q=%D0%B7%D0%B0%D1%89%D0%B8%D1%82%D0%B0+%D1%81%D0%B0%D0%B9%D1%82%D0%B0
защита сайта,15,Реклама,Непонятная,Защита сайта от угроз и взлома,https://yabs.yandex.ru/count/WfKejI_zOoVX2Lby0ZqK07DbZoMSm0cOlM42UbDlBbk6WFS20lg9BKhbJXFeyxdSsRFzpfqttFdw7QyttE7cJYYEEwEtz4grSQNQ8A6KP3HZX5L9QEZ63fYoYQ9BDmO2KqeVGGCx14iy1Xt7En5Rz0AQq0M4Aq0iW0iZaQy0BOp490LeOIJk5Q25aQXNW1P6OhW0BOn490LeOIJc5Q254KHRW1P6aAe2j322K1MWXH64Hm5Q646c2j32m7R9-PheyfV00bzbSawNNZBN5_SX_3zulGTkBgsfGpMakNqxfRZJ2NK-ypkFshXTvtdq2OtczpJFetXKQak0WmL0cfbOE8XP5yWRxnpIteEhdSytJ3PU2cns7mYu0Hp01gu3MfvsGZqjdLR3tWn3ATHgs6BG1V0omue8mAMdQih-21IJR8tO0LtNzHgTmvYG7rTOu2XbDDmcpNRBqGEOBIFiHLcpykJXUy5Y05ymWam5i7L0ru8L2HgFVREsxDmx2riJPLOuIh9oPbZOGOSrgPmeRAyKuH93RkfOC9EEnOeHCsDq3J3YhyDyWw0CUVBg21e8yceLAUBM-3JrA6XoAMZk_ZVw7MNQ7sPsOOa_k9RY_LyHSTxl5H7d_LpeMTpVVHjKuzVwD4Qhd_LfZ5PCCyqXivo3ZpbcBhqnottNTLsdpKt4AUCk0Q0qCTAx052Q6EdjakpBj2GGiYV_87fI8FsOzk04kjgklFclPphRYlJwBQthJ4ndMv5Uh_sJFlm2eGYHO2PWn-WObZcKVyI8AnUEEgW94HVyui83J08-wzKJGjUVMmnJ-4hSMRVC0tcVNAnVa9oVARJw7TReluDyDcVPNhoDbeUziiTe-q6OkXR_wKC4rA90SxgQ377p~2?etext=2202.Dg7mFkEzFwxpB22Rj-5IoH1X7mAWBROvyve_GMaLWnt0Y3lzbmhzemdhamxlZWlx.f8ee6820c03b875c09b46ac31cfcf28318317367&from=yandex.ru%3Bsearch%26%23x2F%3B%3Bweb%3B%3B0%3B&q=%D0%B7%D0%B0%D1%89%D0%B8%D1%82%D0%B0+%D1%81%D0%B0%D0%B9%D1%82%D0%B0
защита сайта от ddos атак,1,Реклама,Непонятная,Защита сайтов от DDoS-атак. Поддержка 24/7,https://yabs.yandex.ru/count/Wj0ejI_zOoVX2LaX0nKM03Edb3brXWcOlM42UbDlBik6WFS20dgAIALofmdq-LpkxDb-vyuRxdpzZjSRxd2hr1pL77SEmgwTzPEd22d7zEP1oc4jCYhYIR9vW7BaTzI6Fg7JfzJcgGfHSqY7UAn4r28PEVBycTysZaUXF5MXeoKZ91bBI3_L8IGZ6p_IeP-aMaQHqD2GDQcc_bHlv71Eer9xUjjs5Ocw9ADECgfMbUo0APiekdJt-9ueVGG0I82PyuH1nn46jalEDmbAHs8khQb3DQ9HAOvBxQSpZqwXjzJEysbjtxSJ-epYqpoFub6fBG4E5W1fPcBX86PT86-yG54CzQYG0J67R_Of7fy5VZ0vds-ORBmKsEm-4703E80DNERVuvuFFIsTLiFU34Cfr6hOOj05yFPmcGJWwhjUetCO4_BZ2WiSfOo6swJPRZbw0BDbXBqeC89C1R1rGCVgKnZ29XvB78KveS30p9GWT5I75yn1ux5lrfQTUsTXQmBAa-x10H4qO6477TRaeKTXwodeC1FACKAMBCQGcteJCqRN40GbPG8CmmW04EJLAbB4hV5fwb7Gv5BGtFrl9E7aJlzXBuS4gya7U_34dVA_5C2eFFbU2c1KddnkXUwXbR_JLxnm9R_sW259Tlpi0KEIx62QHKWnooAacEDTrtMTDazOQmFimf0ao9ZUCIG9CgQtIwulnvppwZpPy-ddHp-cFJW1g2Q3PF_rEgFJuQBVqhhEf3Cw7IvwxP-CEgJo-gptkaV2o8q2HmIiGntHp5ofL2g5I32VTeoEWKc0yb_5K0rQ0HYe82Fy06yft5NXOnWZxPSMpZC17L6NOY6nZHxhWfgZUGdj1Xjfh_C-l2-NRPafUkV0Q_u4X6uI4ZrxAZzqHuL1D0P1BkxvzLyA-4QVDSB1utrmqsCnGmyAHc9mIU6k91FOufcv_4WjYYvXfRYrqm40~2?etext=2202.S_POEJq--8fdXpSN5LHH6QPqpQSWmLJ7nDDF-0RK8A0mBYn4A_PZp7l0JMCct72IbGZidXVyZ3p3YnJ6dGRiZg.c5f71fdebfc808caf1495b3756edd695d79ed8aa&from=yandex.ru%3Bsearch%26%23x2F%3B%3Bweb%3B%3B0%3B&q=%D0%B7%D0%B0%D1%89%D0%B8%D1%82%D0%B0+%D1%81%D0%B0%D0%B9%D1%82%D0%B0+%D0%BE%D1%82+ddos+%D0%B0%D1%82%D0%B0%D0%BA
защита сайта от ddos атак,2,Реклама,Непонятная,WAF защита от DDoS атак и ботов,https://yabs.yandex.ru/count/Wm8ejI_zOoVX2LaP0wKN00EgeWPyPKd0x0qJq9jwSras1BmN4D2Xp-ToPy_sEtVUSEVhTxpUS8Th3HAgOQsEcDuZYeo4P5YHHbYBZ8f6M8EGbeoIHXWLZKYo9b6HPXnLgzGH8wn7DvH-dCyHLQ6Z4VSDjM_ddKUX8wf2CaP4dxOqEeNYkDGUKHMYhh0WnG-D924Z2tuiGB5Yn9r3eLCdr2aTKHKAgjwWaOHaFKgYqXXnLALnjGEcRABeqjtZUwBq4G0W0MRE4mOTHnFb3N3EOcm3O2Jo5Q25aPYa02sCnBq2j30IzGhGmaWC5w25aOYa02sCnBm2j322Q0lGmWXILO0MHX2g0hGmWl0eG0iZo5G1MXZOBZbV4uqRpdHDE3h8wT9B5Ad4kRIc3jM8HgKuBhMVpZmwXTvIEy-djNtVJkWpYa_pF8f7fRO4E5W0f9c9XOEOTO6yyVfTyKgiXnSfKzcRlSLH0bqAQkVp3PEDbmARtGS2RW07i84hWWg8sXgYdfPEgs5lXg4KQZLiCUW2U7kuJ09mEOm9-N651OvIHiDjqcot73s0sJB2NfGrAqyUlXSi1l058yXK05i7j3hOLz1ux9krPUVUMTYQKD800RIDwWGMTj1XJHvw5BQUWWupeQm1a1XoKySoOtIORn2Kb0am32C0G91NgqWHjyQdgKT1aqj1S_U_COGx9J-y1Fj2v8CPQ3hyNm4Y2RzNW4Z2pxqvo_9tlqXL_beOQaX-5eOQ4gPP11opB0AEEIvXrtLTfyqJrje0kpnR7BrpkCEUqTibc2_x7rjqiIV_dOXNdH_J7fo0cI4HGV_rJ5yE0S_ybjPr9gOlXu1dNlidWP1vkUApdcRcIgLIAKI2-RHZT0nC6-KFe2peIoi00nK48VnxFAwDbsZMSHsA9VxC_7iGZdrTU0vtCM7LwKAv9d1cB2LlXLU3F2A82E5TL08nC7h2ptIe-WNMgPwoZZjqq9rR0r27-QkZPZ4FN4ZiRWS99NKNi4K90i7ecNE3MhIxeGihssHY3G00~2?etext=2202.S_POEJq--8fdXpSN5LHH6QPqpQSWmLJ7nDDF-0RK8A0mBYn4A_PZp7l0JMCct72IbGZidXVyZ3p3YnJ6dGRiZg.c5f71fdebfc808caf1495b3756edd695d79ed8aa&from=yandex.ru%3Bsearch%26%23x2F%3B%3Bweb%3B%3B0%3B&q=%D0%B7%D0%B0%D1%89%D0%B8%D1%82%D0%B0+%D1%81%D0%B0%D0%B9%D1%82%D0%B0+%D0%BE%D1%82+ddos+%D0%B0%D1%82%D0%B0%D0%BA
защита сайта от ddos атак,3,Реклама,Непонятная,DDoS-Guard | Российский сервис защиты от DDoS-атак,https://yabs.yandex.ru/count/Wi4ejI_zOoVX2Ldk0fqL03EcaJbZNWcO4wZY3HFGctfpMJO4l1SGq5D4AfKxJQ3Fvt9dp_OxTzvmv-jtlDvmXrkbvgZckF4f22SA4BMpVl8K8UMOtZn8ENYIR9wZ74dM8EhGqK-G416rw4QL1oZ7rEbyGf_GwLDgyrI5g3caGpnM8cgHZ1pGwJE_RHoFGdcgGaTBHaWobf1-gaD8HZP-f4C_IRMC8g6X8MjIJVsftiZXd4QbzlIsxIeITKb6dMHKhJxP0LCsKNJf9W7HWTANo2ODCRF1eEC80zibvvi4fIFnGvYEhi2H8WQLoWD13EeC3XO0QMPYuI1cNI1ll41H3FMea04nXszsCuvOQSpaVBvXil5IOBFxGC0Du00sS9b_Ztj7k7fQEgs6lHc6KgZLiCMW2-2bfshA7CQ4_BZ20aSfe-4sQRPRZXx0R1bXBmgC85C1R1tGiVeKXh29nn97OKueC30p9GWTrU45Sz1ux9krPUVUMTYQg58YWn9UOBZ0mWuwh4APXdpZeKTX6oDaoM8CkQatCMFq82Wf5CIUbCZ2T8EyMaMAk3K-JJqAcbmAchl_ZIIStEa_xEMGO3NvO0ogG5BvNrh7NlYzj8wzy7DfkSUflzD-IRX-NniZDNVtip5IStTCSmbLc6KCr9ZZNTTrdJPxB5UFPWn9Wepf7KEI86Dwk-JwSimvhywJFPz-VlHZseCJW6eooEY_NcTqAl_vBQthJ3gZK_dFQ_zar24L4P_rNlT86BbHu8Y0TQYZ37Juoc2kL2gLGYIOJtl9gFn4CrD-kjGlq27yKtZ3i3k1EjKJDSIKgKxmDdIePKbMH2agITlRZeCTz1Q0oPJbBl14CRiLt9bShEKDFiX6Z906m6Brgm8x08XWOvxI-kTBaMCZO4hnWH_VKRg6i6ouaO2ZYjirWk-VqKPgKQ4MLX9fy1u0~2?etext=&from=&q=
защита сайта от ddos атак,4,Органика,Непонятная,Защита от DDoS-атак и WAF - Yandex Cloud,https://yandex.cloud/ru/solutions/anti-ddos
защита сайта от ddos атак,5,Органика,Непонятная,Обзор рынка систем защиты веб-сайта и сервера от DDoS-атак,https://www.anti-malware.ru/analytics/Market_Analysis/Anti-DDoS-2025
защита сайта от ddos атак,6,Органика,Информационная,Что делать при DDoS-атаке: как быстро восстановить работу...,https://rt-solar.ru/space/blog/5757/
защита сайта от ddos атак,7,Органика,Непонятная,Защита от DDoS-атак - сервис Kaspersky DDoS Protection,https://kdp.kaspersky.ru/
защита сайта от ddos атак,8,Органика,Информационная,Защита от DDoS или как нам «впаривают» страх / Хабр,https://habr.com/ru/articles/915514/
защита сайта от ddos атак,9,Органика,Коммерческая,Защита сайта от DDoS-атак | StormWall,https://stormwall.pro/products/website-ddos-protection
защита сайта от ddos атак,10,Органика,Информационная,DDoS-Guard: сервис защиты сайта от DDoS-атак,https://beget.com/ru/kb/how-to/other/ddos-guard-servis-zashchity-sajta-i-hostinga-ot-ddos-atak
защита сайта от ddos атак,11,Органика,Информационная,Защита сайта от DDoS-атак: 10 эффективных методов | Макхост,https://mchost.ru/articles/kak-zashitit-sajt-ot-ddos/
защита сайта от ddos атак,12,Органика,Информационная,Сервисы защиты от DDoS атак: лучшие системы для защиты от...,https://timeweb.com/ru/community/articles/servisy-zashchity-ot-ddos-atak-luchshie-sistemy-dlya-zashchity-ot-ddos
защита сайта от ddos атак,13,Органика,Непонятная,"SitePatrol | Защита сайтов от ботов и DDoS-атак L7, мониторинг...",https://sitepatrol.ru/
защита сайта от ddos атак,14,Органика,Непонятная,Защита от DDoS атак и ботов  от провайдера Электронный...,https://2090909.ru/ddos/
защита сайта от ddos атак,15,Реклама,Непонятная,Сервис защиты от DDoS-атак для  онлайн-ресурсов. МТС WEB…,https://yabs.yandex.ru/count/WqyejI_zOoVX2LdS0mqQ09FjhYMSm0cOlM42UbDlBik6WFS20Zhq-LpkxDb-vyuRxdpzZjSRxd1xd4b6rQhp2U8vTThvrEbqtbCRlt-CYdwczy-TWx1hP_tyiN-Gh3EKZ7xk-ocTIfzFN6h_E9sszBwTjbIA_znFt3dDR-SDpMsfL0frJd-KgZz1FqD0FqK_D7w6XgW_DcZy11rPVvI2VfACgbKXfI9gdMI3wEVef-Y7-fDqmqhZH-bdwEX7QGIbd-lF5Ua7wUS7IIdf9oZ9g5gjXPIAg4asYFnsm9HD55swUtnFb3u202J0p7d2eEDe0f6FZu-FJmcCHBu2j30IanIWXP6uLu0MHg9U0LeOYU42j30IaHIWXP6OLu0MHX1j0LeOGQeAqC88GbM05aOG7WLeOGIPAa0B0zibvskYqKkEeTa25pbT6ejC77DfJHsg4OrASLngFvrvT0gzfNQUJslxlftGPnIVvdaKZqfj2N2m04Wp4mi7CUi2UUFrLxxZ8LtX7dbXDpkFAXG1GEXmFjymsNWfiDbz8E06S00Rk2IwggBgidfQEgs6lHc6KgZLiCMW2-3juJ89mAMdQiep7CQ4_BZ20aSfe-4sQRPRZXx0R1bXBygQbISFtmiM0_Y24MGgWAq3MYkm8XZ23bW86ezzixRit3iBMnDkTrKT7B35Y8KTT9W5iR5L3Bd9ZD63eAHCW64O0G22l5f5YhWrFaqz2ffS2fgx_urCxHxQ3sC84dNbWvjxOk3_NOwbzVZUvLXQZyzTHYg6_sxJE0d-sWfVnDX-ji8NCJQc6SCHPha0noRVl5tNTPqsJrXh0-oY6sbwZAFd5QDt73sl6BsbetpPaucD77goTojiNFHZseCDkFk1XD5_FHELmB53lwLrdOc9Ik3OeTVwDK8TZNm-wwC2aVo8uWI5nrY81FDfn-WOc8FAls6CTQ4LW84A0YtyoDr9BprdVdvQxycQcBwocEnhop1qzPKIGsoQ33TSC-sRew7dCaao3Sc81Lw6Uuu1c3N5NVC9rRYOnFCtVKO7Uao8iw5vNi0VG_PqIjdsWGnXC2uKi6DvyfNoVryIKlYZewz3YPv72IMGARCCyEOXyh0jMir2ilGEQNbBwsfVhja2~2?etext=2202.S_POEJq--8fdXpSN5LHH6QPqpQSWmLJ7nDDF-0RK8A0mBYn4A_PZp7l0JMCct72IbGZidXVyZ3p3YnJ6dGRiZg.c5f71fdebfc808caf1495b3756edd695d79ed8aa&from=yandex.ru%3Bsearch%26%23x2F%3B%3Bweb%3B%3B0%3B&q=%D0%B7%D0%B0%D1%89%D0%B8%D1%82%D0%B0+%D1%81%D0%B0%D0%B9%D1%82%D0%B0+%D0%BE%D1%82+ddos+%D0%B0%D1%82%D0%B0%D0%BA
защита сайта от ddos атак,16,Реклама,Непонятная,Yandex Smart Web Security. Обеспечим безопасность,https://yabs.yandex.ru/count/WmmejI_zOoVX2Lb30_KN0CEgfCn3D3q1ipTCG6_gpMNP4F1UG427Ff_BdJtRxznvmvslt_5wmnskquvAxpo7GgDsZgdJpgVE74wfKse_dKueT7exSzosSrINZ8Q2Vbp4SF4J8mK5FnIaU835puiM9rpyOD3YPqOG4jNgebOIGbeAiYO1MMqe8L69aaXKbuo6WhmxOCecYYxTFRudIXy1019WvZnXq74qWSZ7nyV7fmH68by1MXY9IGhGmaZSAq0B8r6l02sCn701MXY9I0hGmaZCAq0B8uYs02sC85K5Q644eIf02oC8ZmAqC89C5Q25WUsIypNXo0083OGD9yZf9hb9OV8XpFpWzHwukRIc3jM8HgKuBhMVpZmwXTvIEy-djNtVJkWpYa_pF8f7fRO4E5W0f9c9XOEOTO6yyVf8BoWnh2ijZNGtUzJF491brVbymsJZfS1czu606y01RE0g84aLLyWbgwUbqshOcs4eXLeDMmow0DuUBfC0N0TqVTThT0vZGdvSOO6ZbD5mcpJRBKSFOBQCi1TbpSgJX-y5Ym5ymGWo5S3M0QrsZ_bEVGsnkc0E6ezzixRit3iBMnFU42aG4uCqBUoWmvXY5BQUWWupeMmX2DLW31a3bAw3cNGTAqRCZD63eAHCW64O0G22l5f5YhWrFaqz2ffS2fgx_utBgY65Frm1R7BmWvTbKhZ_wz66q7slHnj2zxbU7ANtznag9aI-zfT1SVtiBuFYOffpv9Zbd3xcUDTrNQVD4zRQ0BleHfeUUxOyi2mq6ASEo9VUSUg0VEajiy-N_GykBjcJFT-LhUx7j0SVyCMDQz1_IL0Zf0FqMrhNTIzgX7I0NklpYZ3rS2hKyML94YPbTMz299XFEqR7m3oX_2Zc8jX0Am035GGa_3EZC6rb-yLAYO4xZQj2P6yNt0j21aKmXWEy_twX7WbG0iVF0ICWUUsZ5j3Q44ETmT_aiAZpgv4PPTM7J1WdJK1KXVc2GfI06yS_RWHrrym-7n7Uzj1IxMjKjXXPsF_CY29_NKqqvsi0~2?etext=2202.S_POEJq--8fdXpSN5LHH6QPqpQSWmLJ7nDDF-0RK8A0mBYn4A_PZp7l0JMCct72IbGZidXVyZ3p3YnJ6dGRiZg.c5f71fdebfc808caf1495b3756edd695d79ed8aa&from=yandex.ru%3Bsearch%26%23x2F%3B%3Bweb%3B%3B0%3B&q=%D0%B7%D0%B0%D1%89%D0%B8%D1%82%D0%B0+%D1%81%D0%B0%D0%B9%D1%82%D0%B0+%D0%BE%D1%82+ddos+%D0%B0%D1%82%D0%B0%D0%BA
защита сайта от ddos атак,17,Реклама,Непонятная,StormWall — Защита веб-ресурсов от любых DDoS-атак,https://yabs.yandex.ru/count/WpaejI_zOoVX2LdE0rqP08EigYMSm0cOVG9XRvY0tjIRox8XuBs0W0vzFfSxUxRVkVE6Er-_u_M6EzpRMcHKz6DFxvyx1s7Nplhf0yA90aIAPmuZgumSCfIGSa2XqgVqdkRs4vgZAlGpuoZ73zIUvZTkI_6edQDApI75R-TjJw4uD4TLI4QEgb3GZKkZqgajpR64z5CTGZAoyJCqHFsvGHqwIXAg6Y4TZHWQejeWGZ9IIlBkW2cRABfqz_YUA7q404Y0cVE4GSVH128V7nyVdn8OYNm5Q64a9Yb02oDnhm0jZ4Iz0hGm4iC5Q64a8Yb02oCnhm0jZ23Q0hGmWbGLe8KHXAe0BOmWF0hGmWWoLO0M1hPBpjV48mGPKEdGGitf8ZKoUNq8_mzUxu6RIslgK8reL8hZKllfpADJw2srytnQs_VjX3wZ-3JFetXKQak0WmL0cfbOE8XP5yWRhz_9PtoHT5d-mZVxXcqKP1oKy_c6oSPBWStk0m4tW0FOm1qXnyD8uHKnFIsTLiFU34Cfr6hOOj05yFPmcGJWSXWJykCA2nobZ8RRfDbkENe0isM4lIXhLfuyV2zO3E0BHf2f0BOEQB7x5uQm2IyKIXo5EP69EUnoOZPsmHmq7ljcRTcvTnQs9ivyS4X0orbdOGSTrkIXHs7hAUWm4yemS6TAOiXD7Gjcqh5jCM9cZAuX24hA11Y64G0WoAjLf8XRuzFKew39fQ2v-z_umqoqVbW0BLBW3wOPkVJ_zToxnk_rtBl6p_LxGA3-BhCJqR_sPrs1-zcVTGMEQRQHOfPtZkowhkkqUS9Q6s2N1SSdM_HkmV795hsbixximoOJ9JtPYp7jVNvCU_01WK0A0_qNn-3Q4oY_fNLTZnnSUmBbjVxEJV6E2H96RXGu8c1TY0JpQSVe69Xzod_50X4UMW4Og20g_4PSQMYe0dHLFxzxaCxguDH1OvWz68f-PQtNT97E2McjUAT18AZYtBmHRT8L4iNuaVxzFSmP470P9SlAaEOEzArzvikN9Hfq98vm6BWkuOYqbSiaPy5GfMJ1k1nugV3pOwuA7tWGktVFWxQesyk_wEGSe1Rj-SwXhkOwdoq0~2?etext=2202.S_POEJq--8fdXpSN5LHH6QPqpQSWmLJ7nDDF-0RK8A0mBYn4A_PZp7l0JMCct72IbGZidXVyZ3p3YnJ6dGRiZg.c5f71fdebfc808caf1495b3756edd695d79ed8aa&from=yandex.ru%3Bsearch%26%23x2F%3B%3Bweb%3B%3B0%3B&q=%D0%B7%D0%B0%D1%89%D0%B8%D1%82%D0%B0+%D1%81%D0%B0%D0%B9%D1%82%D0%B0+%D0%BE%D1%82+ddos+%D0%B0%D1%82%D0%B0%D0%BA
защита сайта от ddos атак,18,Реклама,Непонятная,Сервис Гарда Anti-DDoS. Защита от DDoS-атак любого...,https://yabs.yandex.ru/count/WfaejI_zOoVX2LdZ0bqK0ACaYYMSm0cOlM42UbDlBik6WFS20Zhq-LpkxDb-vyuRxdpzZjSRxd3lEvT2dJRqZjezFY2SA40udyudY2IZQjNv1F6SEkryweG-exZpjcqXfI2haX7IKPraLAsIkA4aXBGKP4sgQI0PsL2o5WbHHr2hI5GPKJjWoYQABjqzlYTA7m404c3cF67GSRnxwXmKq8Gk85o1bGAuCB1TShv8Ontd3-7c1w_tmCsbDNMeHZGgnN6f_NJcqIdqbjfvFgtj-tP2dr5yckTHF2gr9S310Y3DJ2mSnAmBv8tNW--qcDQeC2ant-nYDN4vaPRp-OR9nak1pUu30JU00zZ0nK6aAYky8gQdfTDgs9jXA8LQ3LiCkW3U7YwJ05ocheDrVTThT0vZGdvSOO6ZbD5mcpJRBKSFOBQCi1S5Hf2f0BOEwBe-DQKBBY_hWZbeFFRDsh9pxoniJPHPuIZ9ofbXOGSTLg5iOKeACeRSr7Ky9XtR5YDcnkXq49IK2J0C8m10a5UhI16tngUfHq6JIq5pzx_HRvFiFymSPstvOBhCqF5__P0WXj_hXmGn_5plPAh8toVyiEBnjR_84zpF_Y9FS4op083CiW9_pB6NZDbrNTTfyuIrDi0kkf6cnpZR7ulqZhFziKXlcNo-RFF3SSoJVPAi9OH-J7lm0LB6MkxyzqQLFS8_lwLrNUzIPO_mpskz4KKcTt0-AxFzQo94WlcqOtGCIodAJqA9ewDM00Og227yhqj-k7AJb4lhscHNfnow7MUWBhV9tp2y4Bru_2WypMxnwZ-sRKLHP7MfmEHLjGY74IS9dZglY4OE2uQZa0_yQEJhau6Tg14pbysHRi-PpXRN3GYupDAVOJfTdT2uUG00~2?etext=2202.S_POEJq--8fdXpSN5LHH6QPqpQSWmLJ7nDDF-0RK8A0mBYn4A_PZp7l0JMCct72IbGZidXVyZ3p3YnJ6dGRiZg.c5f71fdebfc808caf1495b3756edd695d79ed8aa&from=yandex.ru%3Bsearch%26%23x2F%3B%3Bweb%3B%3B0%3B&q=%D0%B7%D0%B0%D1%89%D0%B8%D1%82%D0%B0+%D1%81%D0%B0%D0%B9%D1%82%D0%B0+%D0%BE%D1%82+ddos+%D0%B0%D1%82%D0%B0%D0%BA
защита сайта от ддос атак,1,Реклама,Непонятная,Защита сайтов от DDoS-атак. Поддержка 24/7,https://yabs.yandex.ru/count/Wj8ejI_zOoVX2LaY0oKM0BFdbJbrXWcOlM42UbDlBWk7WFS20dgAIALofmdq-LpkxDb-vyuRxdpzZjSRxd2hr1pL77SEmgwTzPEd22d7zEP1oc4jCYhYIR9vW7BSKAaDVKAdJwdDKnMYvf0EyLY9g4KoSZYdp_osSJmAvQaA7IqP8SbOGlgf3Y4PsVYH3lqaLP6CRDomqgXb50aD3LcJQkfFzKOEvpGgjQUtRLUHg4iowYIZQbN93fYoYQ9BMGbpdz974BLX14G967GSOM2xv7oJe7GavjAQEbGZUaEbqnjtIf-txRoZKAXTFsqer9dVq6cUH_6er5w1WmL0cfbOE8XP5yWRBr0KGpqgP43CuPjzn7TgfMuwds-ORBmKsEm-4703E80DNERVurxX5J4zBPrMmzuCGodKQjXYq0NmCiEA2C3LTxr6vp0cvCSL5ZXA6GstIRFTSlG0Pii8Ur5W19aAOEk0ZjMdC8HDF9Ou2dD2WO6PAK7eg0ulc8F6Oz-iBJltpiBMn1CRW7Q8V8iMTj1XJHvw5BQUWWupeHmZPCbY3BcfDp5ZT0r1K8Y1JBS8ea5UhI95t1gVfXu5JIu5pTt_HX9ExlGVzd98i9fyS0VRggV_fM05pCZtKh02PkHpP_H1yTzfHILJgdnj0cA-xCyc8ERBCiqVbZ3B7vOmnxkkwpfjbZd3xd0OaWGPqpk69476z7R9zUMOSrwT9ti-_VpenxG79m3LP13HVxtEw8JuvxUqhZFfZ4w8Vrxx9wCEgTXyrdlT8s7aHe4Z0jQXZcXchbGgbK8ac5CxHiV0B43vmMqv9BY3qI0d8lm1Rocae_11Z97wYmdlcOMUg8knbBYZrpf1xT64X7g3YhI-qjlRgb2Svq1b0GhKI0dXVFRT_MmD2uDW30Bgk7_KVoZW5JrhB4-FDy-cnnw67jG5YS7vmb0OJc2Bt_sqaLeKrCBAZ6lU0m00~2?etext=2202.iCqbZ5Ah-8tGru3UbPq-BoOFIpYkIj3QCcrGVKOVF4qwLXeHUkiw5Vxor-PqmnpCjPmJ7GphgBdPfLwL0gNWa2N5aHhmZ2xlZGlrY3JsbXc.ef6718f0303092c2cbad4514a3e16bda7d321a32&from=yandex.ru%3Bsearch%26%23x2F%3B%3Bweb%3B%3B0%3B&q=%D0%B7%D0%B0%D1%89%D0%B8%D1%82%D0%B0+%D1%81%D0%B0%D0%B9%D1%82%D0%B0+%D0%BE%D1%82+%D0%B4%D0%B4%D0%BE%D1%81+%D0%B0%D1%82%D0%B0%D0%BA
защита сайта от ддос атак,2,Органика,Непонятная,Защита от DDoS-атак и WAF - Yandex Cloud,https://yandex.cloud/ru/solutions/anti-ddos
защита сайта от ддос атак,3,Органика,Непонятная,Обзор рынка систем защиты веб-сайта и сервера от DDoS-атак,https://www.anti-malware.ru/analytics/Market_Analysis/Anti-DDoS-2025
защита сайта от ддос атак,4,Органика,Непонятная,Защита сайта от DDoS-атак на уровне L7 | DDoS-Guard,https://ddos-guard.ru/web-protection
защита сайта от ддос атак,5,Органика,Коммерческая,Защита сайта от DDoS-атак | StormWall,https://stormwall.pro/products/website-ddos-protection
защита сайта от ддос атак,6,Органика,Информационная,Защита от DDoS или как нам «впаривают» страх / Хабр,https://habr.com/ru/articles/915514/
защита сайта от ддос атак,7,Органика,Информационная,Что делать при DDoS-атаке: как быстро восстановить работу...,https://rt-solar.ru/space/blog/5757/
защита сайта от ддос атак,8,Органика,Информационная,Как защитить сайт от DDoS-атак | DDoS Protection & Web...,https://kdp.kaspersky.ru/?id=776
защита сайта от ддос атак,9,Органика,Информационная,Защита от DDoS-атак на сервер: методы и средства,https://selectel.ru/blog/anti-ddos/
защита сайта от ддос атак,10,Органика,Информационная,DDoS-Guard: сервис защиты сайта от DDoS-атак,https://beget.com/ru/kb/how-to/other/ddos-guard-servis-zashchity-sajta-i-hostinga-ot-ddos-atak
защита сайта от ддос атак,11,Органика,Информационная,Как обеспечить стабильность сайта и защититься от DDoS-атак,https://www.nic.ru/info/blog/ddos/
защита сайта от ддос атак,12,Реклама,Непонятная,Yandex Smart Web Security — защита веб-приложений,https://yabs.yandex.ru/count/WmqejI_zOoVX2LbK0_qN0BDgfCn3D3q1ipTCG6_gpMNX4F1UG427Ff_BdJtRxznvmvslt_5wmntkT0gLtdaEXKRj73rEEmK-TThvr9bZ6dLAxQVJ2OLERsUEstQEwfBHKD2FYnWkVcAaeE27WXGFiFXvqUA4YnyCMlpC24AYMbtKIa98Iq7M922h3IKaAb4IYUgIqL3GaHqmPHD5bx8IvZwbZo1gmmY84Z3eE9f0vEFZu-DJ0YEHhm0jZCGa1MXX9EuLe8MHg5U05aPYk00jZ4Ga1MXX9EOLe8KHH5k05aQGgWAqC89G5Q254OH70LeOGQOAqCB0Tidvcd1iqbDCFa6Gqqroay8abzRKeHhH6ogTthXJ-hnjvns5GktwQKEXplo6JlCyYaUbzWeSB03IpCJ2GSowGDvuVQGNb1ZMbPP6kfjzH-AKZIvrFjymsNWfiDbz8E06S00Rk0f8KiNjX7fQEgs6lHc6KgZLiCMW2-1bXXKHWEi0axxhDJg7CI4_hh30KSfek4sQxPQZ1p1RHjYBicRboSFtWiK0lc04cGfWwu1MkyTyfxw6M5qm1ut7lbbRTkwTXQq9jxkg3WxOOiJ23YU5hQUWmqmeMmX2DHX3nW2bws0cNSUA4JDZz20en42cMmJH8AzMaI9kZKzJZu8cbuBcxd_Zicf8uGzN09iS_E3bMXZV_z9LFXQ_bwxoiVYvz94XvR_FS87i-DgOCYLhFnjJfcIDQSu0oInZ86IEcKkldzBacxVhkgxJPfapx0v7DzBqM4ENRX8QZ5C7v4llE7L0llIMsUVB_WSNb-p9dk_ALlTZseCF-EB69UY_9AWHqjNvBQthkXSrGhewh_LvHPYqMmfrV5cIX4bPtPiG2URKZj4nC5yelvciWSSx60ro0YRyI9F9yNAoPUgq31scJsdeyoOxEEUGWvmBLBacuxRr2vT53T8tVh_y00bh5hL89KCCoGmE9dz5Zp-9h6X2qstdx7Wm8YRWSGdhrV2llw9tFtncsBdiH8yW7pjwgO1AiB35x__7rzK1qBu6~2?etext=2202.iCqbZ5Ah-8tGru3UbPq-BoOFIpYkIj3QCcrGVKOVF4qwLXeHUkiw5Vxor-PqmnpCjPmJ7GphgBdPfLwL0gNWa2N5aHhmZ2xlZGlrY3JsbXc.ef6718f0303092c2cbad4514a3e16bda7d321a32&from=yandex.ru%3Bsearch%26%23x2F%3B%3Bweb%3B%3B0%3B&q=%D0%B7%D0%B0%D1%89%D0%B8%D1%82%D0%B0+%D1%81%D0%B0%D0%B9%D1%82%D0%B0+%D0%BE%D1%82+%D0%B4%D0%B4%D0%BE%D1%81+%D0%B0%D1%82%D0%B0%D0%BA
защита сайта от ддос атак,13,Реклама,Непонятная,Защита от DDoS-атак в режиме 24/7. МТС WEB SERVICES,https://yabs.yandex.ru/count/WqGejI_zOoVX2Ldc0xKP0AEigYMSm0cOlM42UbDlBWk7WFS20Zhq-LpkxDb-vyuRxdpzZjSRxd1xd7OAVEgqywdJwRodDdx_61NzJE-VEmTXryxw-VFyGRBEK3BwYTvFwLJwVE9I-mTtsjBxTjfIAVvpFt7dDB-TDpItfL8fr3dzKQh-1FqC0VqK_T3u6HgY_jYWyHDqPFrH2lf9CgfMXPIAg7MI3QAVev-Y7-fFqWqhZH-bdw6Z7wKHb7wkFrUa7wIV7oIbf9-W9ADgjHPIAg8csI2QiWEcRABeKbR2tAVq4KHj605H0WOTHnE8V7nyV7nAO2Jo5Q25aPYa02sCnBq2j30IzGhGmaWC5w25aOYa02sCnBm2j322Q0lGmWXILO0MHX2g0hGmWl0eG0iZo5G1MXZOBZbV4rS2o9ry4oQdIsEHYMCkhQb3DQ8tL3gzSQVqUTlEEmg5slNJXaAT-GsTvdaKZqhj5JXO0AIPYOM3c7M1lF7wAz_naAvmZxomcpq106o9wuBaVBvXil5IOBFxGC0Du00sS4bqLKLjsEffwRGQzcOOIg5MmnQ3Be2N6LP402w7CI4_hh30KSfek4sQxPQZ1p1RHjYBicRboSFtWiK0lc04cGfWwu3M2gm8Xh035eB6Oz-iBJltpiBMX3T42iJ484qBE-Wm2s9ZgnXoancZ1q4X1ZBT8eW6URMA575hV9fw53Iv53Ht_nkPsZsq7yOG9EhA1pVtnC3_kwJpuVYzIpeVZf_BpDe2-xjDuoJuQsUSw59-TiQ9BeLfXjd2B0i0PDTrNQVDCcVO7OvkfEanZfvNZDvnzBnYz9QEycLF9ZPowCdUhR1nqOzf3pRWxWSIHl_rJ5G2nyf-I-iw4nELmB6or_erGXsDOf_5sI8L1Gomnw6K40dcr8xHCJ0JbH-4bInfTp0Qv0Gm_CZYoV5oicMgt0nRfozzwFCcEpZdS9USYvMv9kCsHGmdImndISsi8qS7kkLNOpejpW0UcLOSQojhf7hbNmDnqNFpDoQQ6ZXo4Fz1xhnSFNnCJKgPYW_PGy1uAzCrICZkXrNy87ATdLZhUhpNuwCoh8DxY9t7RN4UGa3ckW0A0McfwkXgNoBD0m00~2?etext=2202.iCqbZ5Ah-8tGru3UbPq-BoOFIpYkIj3QCcrGVKOVF4qwLXeHUkiw5Vxor-PqmnpCjPmJ7GphgBdPfLwL0gNWa2N5aHhmZ2xlZGlrY3JsbXc.ef6718f0303092c2cbad4514a3e16bda7d321a32&from=yandex.ru%3Bsearch%26%23x2F%3B%3Bweb%3B%3B0%3B&q=%D0%B7%D0%B0%D1%89%D0%B8%D1%82%D0%B0+%D1%81%D0%B0%D0%B9%D1%82%D0%B0+%D0%BE%D1%82+%D0%B4%D0%B4%D0%BE%D1%81+%D0%B0%D1%82%D0%B0%D0%BA
защита сайта от ддос атак,14,Реклама,Непонятная,Сервис Гарда Anti-DDoS. Защита от DDoS-атак любого...,https://yabs.yandex.ru/count/WeuejI_zOoVX2Ldu0WKK0AEZXIMSm0cOlM42UbDlBWk7WFS20Zhq-LpkxDb-vyuRxdpzZjSRxd3lEvT2dJRqZjezJXjtFa4yfquR-epYpjksXPI2h4f6I4Trab6rIkA6aX3IKf0rgQQ1P6H3oLeaH1r1hI9HPNZjW2cRABgKbJ3tANq4KHj6G9I0GSVnReGWj80cT07X2gmKm8M1xPBpHHhhE7y8CpzulGTkBgsfGpMYDrGwlN6dz7dRpZiAXThrquP2dVaDdUPv58zAxHKuM02acOc5WvXrWRpnUl2T5jCQ5IObvflzIKd3hA5nFjymsNWfiDbz8E06S00Rk3Y8L6M5LyJqj7HQ3Nip3ALGgs6BGHV0ommh8W2NgUjWNT_r6ft3c90VLrZWA6Kqt2RDTilH0vWj8-n5WH5aAe2j0xgkJqtfWilBkc0E6ezzixRit3iBMnDdFZWaeEMiix233gjGjZ0b1Hb3Rkew7fEEROiHCsDqEWWACP3f5a4qoAjLf8XRuzFKew39fQ2v-z_ejqds7sQEixPyCFtr5VvV_oHCxdlzap2vpwMTef3_7fF5CClNDWENa7-s6RY4p3JFQ9bbcotcs4lkkgxhj5dc3Bl3qOqqFSRP_bYaTvpjZqLwo-JpPPiVZcEUx9DaBI7qOzg33v0ordBdlpUgx17--IsjwtgNAdk4VrxhZIWokRFpMH82XpWH8i6SsZ4wXgLP-I7WuDbr1wD1JYFyn4joJrXUgy4wnsOzZBcSQKvsTUP1t3692V7DsXWJSyUJF5uAJxLRSXKWkrjP55pTAcBoLUtHOLHFmZQT9qVA3zGdAEJ3bMdaGSd0JgmLCnViz7ViJ6UB7xdyiBFqPn6ShjQbCoK0~2?etext=2202.iCqbZ5Ah-8tGru3UbPq-BoOFIpYkIj3QCcrGVKOVF4qwLXeHUkiw5Vxor-PqmnpCjPmJ7GphgBdPfLwL0gNWa2N5aHhmZ2xlZGlrY3JsbXc.ef6718f0303092c2cbad4514a3e16bda7d321a32&from=yandex.ru%3Bsearch%26%23x2F%3B%3Bweb%3B%3B0%3B&q=%D0%B7%D0%B0%D1%89%D0%B8%D1%82%D0%B0+%D1%81%D0%B0%D0%B9%D1%82%D0%B0+%D0%BE%D1%82+%D0%B4%D0%B4%D0%BE%D1%81+%D0%B0%D1%82%D0%B0%D0%BA
защита сайта от ддос атак,15,Реклама,Непонятная,StormWall. Подключите многоуровневую защиту от DDoS-атак,https://yabs.yandex.ru/count/WpeejI_zOoVX2LdF0sKP05CigYMSm0cOVG9XRvY0tjIRoy8XuBs0W0vzFfSxUxRVkVE6Er-_u_M6Erpy1yawGydenvxUFtSEmavHE-kd3mWd2X0fdZcCh39oo512oW65If_IUvhRJsYEgj3FZACSFz3dDBznMuf7xHnLQWufVZjlUmh5eJcgGZ9oL8M2RbmQbKvjQOubf9_g49AHZP-X8UhF3UhGKP9GrGZfQCJG4DK64PAHKf9t1qpPHD6bh8IvJ-aZYDem0g8433gE9X3v-FZu-9J0IEGhG0iZCKa1MXY9UmLeOIJg5Q25aHWkG0iZ4Ka1MXY9UGLeOGJH5g254QIg02sC85G5Q644uL605aQGgGAqCB1TShucjcXmG67YNypf8ZKoUNq8_mzUxu6RIslgK8te3PLERzmfVTwsyuv2eNRzjA5GPtv3ftaUnQDIUmKE5W1fPcBX86PT86-yVYUVyKNIPVaBt-mPB5YXOsdaVBvXil5IOBFxGC0Du00sS4V8yJ320qnFIwVLi3V3K0gr6hOOT06ypB0Y0d0vZ0dvSOK5Zb96mstIRBSSFO3PCi9Ub3KhJnw-5om6y0KZo5G0MmUqsFqBGzY45mebZiASoCGSTZan6xjW3XgFVREsxDmx2riJPLOuIh9oPbZOGOSb40MFmjPJq64cb67WpfJ4a9iw5ioaOzjYnCmONKCG568Wqos2Q91NgqWHjyQdgKT1aqj1S_U_yOUPQFsm05gam1zCCtBf_qkBHQ7olRHO52gVInU67VvTPYUYVstCsSthPsFERbvCiqmNPdc3KynottLTrscpp1bsXxFW-6IBtYquFjcYjtJMbttOPAAa9tinfhtFZsaFFY0GI66W_-8ON7iIERZsPCjh_PsRuXqJ98pSA714mBeG2URKZj4nC9SeluNwBEmEHeESA_pcnWEDkmsaInmSIMXqjGVFp5_Pn9bFUSuyyehBJkSvC2Rd3UOcNM54nb_ftwzXhW212sXPLZd06x6lbPw0XvNtUG1-NSAZRtz7Xq5S2S5KspcqE1OOXKeMZb61PwMT7_5P-D1BiqDx7hJ5knO8Ja0qergqbDhnfli4KbTp1PmI~2?etext=2202.iCqbZ5Ah-8tGru3UbPq-BoOFIpYkIj3QCcrGVKOVF4qwLXeHUkiw5Vxor-PqmnpCjPmJ7GphgBdPfLwL0gNWa2N5aHhmZ2xlZGlrY3JsbXc.ef6718f0303092c2cbad4514a3e16bda7d321a32&from=yandex.ru%3Bsearch%26%23x2F%3B%3Bweb%3B%3B0%3B&q=%D0%B7%D0%B0%D1%89%D0%B8%D1%82%D0%B0+%D1%81%D0%B0%D0%B9%D1%82%D0%B0+%D0%BE%D1%82+%D0%B4%D0%B4%D0%BE%D1%81+%D0%B0%D1%82%D0%B0%D0%BA