URL,% прокрутки,# посетителей,% уходит
https://ddos-guard.ru/blog/kiberbezopasnost,% прокрутки,# посетителей,% уходит
https://ddos-guard.ru/blog/kiberbezopasnost,5%,62 (91.18%),8.82%
https://ddos-guard.ru/blog/kiberbezopasnost,10%,48 (70.59%),29.41%
https://ddos-guard.ru/blog/kiberbezopasnost,15%,41 (60.29%),39.71%
https://ddos-guard.ru/blog/kiberbezopasnost,20%,35 (51.47%),48.53%
https://ddos-guard.ru/blog/kiberbezopasnost,25%,30 (44.12%),55.88%
https://ddos-guard.ru/blog/kiberbezopasnost,30%,27 (39.71%),60.29%
https://ddos-guard.ru/blog/kiberbezopasnost,35%,25 (36.76%),63.24%
https://ddos-guard.ru/blog/kiberbezopasnost,40%,22 (32.35%),67.65%
https://ddos-guard.ru/blog/kiberbezopasnost,45%,19 (27.94%),72.06%
https://ddos-guard.ru/blog/kiberbezopasnost,50%,14 (20.59%),79.41%
https://ddos-guard.ru/blog/kiberbezopasnost,55%,12 (17.65%),82.35%
https://ddos-guard.ru/blog/kiberbezopasnost,60%,11 (16.18%),83.82%
https://ddos-guard.ru/blog/kiberbezopasnost,65%,9 (13.24%),86.76%
https://ddos-guard.ru/blog/kiberbezopasnost,70%,7 (10.29%),89.71%
https://ddos-guard.ru/blog/kiberbezopasnost,75%,7 (10.29%),89.71%
https://ddos-guard.ru/blog/kiberbezopasnost,80%,6 (8.82%),91.18%
https://ddos-guard.ru/blog/kiberbezopasnost,85%,5 (7.35%),92.65%
https://ddos-guard.ru/blog/kiberbezopasnost,90%,2 (2.94%),97.06%
https://ddos-guard.ru/blog/kiberbezopasnost,95%,1 (1.47%),98.53%
https://ddos-guard.ru/blog/kiberbezopasnost,100%,1 (1.47%),98.53%
https://ddos-guard.ru/blog/vidi-informatsionnoi-bezopasnosti,% прокрутки,# посетителей,% уходит
https://ddos-guard.ru/blog/vidi-informatsionnoi-bezopasnosti,5%,69 (85.19%),14.81%
https://ddos-guard.ru/blog/vidi-informatsionnoi-bezopasnosti,10%,61 (75.31%),24.69%
https://ddos-guard.ru/blog/vidi-informatsionnoi-bezopasnosti,15%,54 (66.67%),33.33%
https://ddos-guard.ru/blog/vidi-informatsionnoi-bezopasnosti,20%,47 (58.02%),41.98%
https://ddos-guard.ru/blog/vidi-informatsionnoi-bezopasnosti,25%,31 (38.27%),61.73%
https://ddos-guard.ru/blog/vidi-informatsionnoi-bezopasnosti,30%,26 (32.10%),67.90%
https://ddos-guard.ru/blog/vidi-informatsionnoi-bezopasnosti,35%,21 (25.93%),74.07%
https://ddos-guard.ru/blog/vidi-informatsionnoi-bezopasnosti,40%,17 (20.99%),79.01%
https://ddos-guard.ru/blog/vidi-informatsionnoi-bezopasnosti,45%,12 (14.81%),85.19%
https://ddos-guard.ru/blog/vidi-informatsionnoi-bezopasnosti,50%,8 (9.88%),90.12%
https://ddos-guard.ru/blog/vidi-informatsionnoi-bezopasnosti,55%,6 (7.41%),92.59%
https://ddos-guard.ru/blog/vidi-informatsionnoi-bezopasnosti,60%,6 (7.41%),92.59%
https://ddos-guard.ru/blog/vidi-informatsionnoi-bezopasnosti,65%,6 (7.41%),92.59%
https://ddos-guard.ru/blog/vidi-informatsionnoi-bezopasnosti,70%,5 (6.17%),93.83%
https://ddos-guard.ru/blog/vidi-informatsionnoi-bezopasnosti,75%,4 (4.94%),95.06%
https://ddos-guard.ru/blog/vidi-informatsionnoi-bezopasnosti,80%,4 (4.94%),95.06%
https://ddos-guard.ru/blog/vidi-informatsionnoi-bezopasnosti,85%,4 (4.94%),95.06%
https://ddos-guard.ru/blog/vidi-informatsionnoi-bezopasnosti,90%,4 (4.94%),95.06%
https://ddos-guard.ru/blog/vidi-informatsionnoi-bezopasnosti,95%,3 (3.70%),96.30%
https://ddos-guard.ru/blog/vidi-informatsionnoi-bezopasnosti,100%,2 (2.47%),97.53%
https://ddos-guard.ru/blog/skzi,% прокрутки,# посетителей,% уходит
https://ddos-guard.ru/blog/skzi,5%,21 (70%),30%
https://ddos-guard.ru/blog/skzi,10%,20 (66.67%),33.33%
https://ddos-guard.ru/blog/skzi,15%,16 (53.33%),46.67%
https://ddos-guard.ru/blog/skzi,20%,15 (50%),50%
https://ddos-guard.ru/blog/skzi,25%,13 (43.33%),56.67%
https://ddos-guard.ru/blog/skzi,30%,12 (40%),60%
https://ddos-guard.ru/blog/skzi,35%,12 (40%),60%
https://ddos-guard.ru/blog/skzi,40%,9 (30%),70%
https://ddos-guard.ru/blog/skzi,45%,7 (23.33%),76.67%
https://ddos-guard.ru/blog/skzi,50%,7 (23.33%),76.67%
https://ddos-guard.ru/blog/skzi,55%,6 (20%),80%
https://ddos-guard.ru/blog/skzi,60%,6 (20%),80%
https://ddos-guard.ru/blog/skzi,65%,6 (20%),80%
https://ddos-guard.ru/blog/skzi,70%,4 (13.33%),86.67%
https://ddos-guard.ru/blog/skzi,75%,4 (13.33%),86.67%
https://ddos-guard.ru/blog/skzi,80%,4 (13.33%),86.67%
https://ddos-guard.ru/blog/skzi,85%,4 (13.33%),86.67%
https://ddos-guard.ru/blog/skzi,90%,2 (6.67%),93.33%
https://ddos-guard.ru/blog/skzi,95%,2 (6.67%),93.33%
https://ddos-guard.ru/blog/skzi,100%,1 (3.33%),96.67%
https://ddos-guard.ru/blog/sposoby-zashity-ot-ddos-atak,% прокрутки,# посетителей,% уходит
https://ddos-guard.ru/blog/sposoby-zashity-ot-ddos-atak,5%,60 (95.24%),4.76%
https://ddos-guard.ru/blog/sposoby-zashity-ot-ddos-atak,10%,44 (69.84%),30.16%
https://ddos-guard.ru/blog/sposoby-zashity-ot-ddos-atak,15%,41 (65.08%),34.92%
https://ddos-guard.ru/blog/sposoby-zashity-ot-ddos-atak,20%,35 (55.56%),44.44%
https://ddos-guard.ru/blog/sposoby-zashity-ot-ddos-atak,25%,28 (44.44%),55.56%
https://ddos-guard.ru/blog/sposoby-zashity-ot-ddos-atak,30%,25 (39.68%),60.32%
https://ddos-guard.ru/blog/sposoby-zashity-ot-ddos-atak,35%,20 (31.75%),68.25%
https://ddos-guard.ru/blog/sposoby-zashity-ot-ddos-atak,40%,19 (30.16%),69.84%
https://ddos-guard.ru/blog/sposoby-zashity-ot-ddos-atak,45%,17 (26.98%),73.02%
https://ddos-guard.ru/blog/sposoby-zashity-ot-ddos-atak,50%,14 (22.22%),77.78%
https://ddos-guard.ru/blog/sposoby-zashity-ot-ddos-atak,55%,13 (20.63%),79.37%
https://ddos-guard.ru/blog/sposoby-zashity-ot-ddos-atak,60%,13 (20.63%),79.37%
https://ddos-guard.ru/blog/sposoby-zashity-ot-ddos-atak,65%,11 (17.46%),82.54%
https://ddos-guard.ru/blog/sposoby-zashity-ot-ddos-atak,70%,10 (15.87%),84.13%
https://ddos-guard.ru/blog/sposoby-zashity-ot-ddos-atak,75%,9 (14.29%),85.71%
https://ddos-guard.ru/blog/sposoby-zashity-ot-ddos-atak,80%,8 (12.70%),87.30%
https://ddos-guard.ru/blog/sposoby-zashity-ot-ddos-atak,85%,7 (11.11%),88.89%
https://ddos-guard.ru/blog/sposoby-zashity-ot-ddos-atak,90%,2 (3.17%),96.83%
https://ddos-guard.ru/blog/sposoby-zashity-ot-ddos-atak,95%,1 (1.59%),98.41%
https://ddos-guard.ru/blog/sposoby-zashity-ot-ddos-atak,100%,0 (0%),100%
